customerID,churn_probability,risk_band,target_flag,expected_value_if_targeted
4376-KFVRS,0.046336104658962124,Low,0,-88.87933488184909
2754-SDJRD,0.6815389266817837,High,1,63.56934240362807
9917-KWRBE,0.057577135751175776,Low,0,-86.18148741971781
0365-GXEZS,0.3821827842216371,Medium,0,-8.276131786807099
9385-NXKDA,0.026482338595737488,Low,0,-93.644238737023
4686-UXDML,0.5959789655016093,High,1,43.03495172038623
2227-JRSJX,0.4230103092783505,Medium,1,1.5224742268041211
4830-FAXFM,0.10774133084903288,Low,0,-74.1420805962321
1830-IPXVJ,0.0,Low,0,-100.0
4690-LLKUA,0.3528494508883038,Medium,0,-15.316131786807091
5804-HYIEZ,0.2483369759047993,Medium,0,-40.39912578284817
2388-LAESQ,0.061546074491469135,Low,0,-85.22894212204741
5533-RJFTJ,0.10708109982460892,Low,0,-74.30053604209387
4706-AXVKM,0.6941315192743763,High,1,66.59156462585031
0997-YTLNY,0.1060449750298634,Low,0,-74.54920599283278
7971-HLVXI,0.061546074491469135,Low,0,-85.22894212204741
7337-CINUD,0.02788739680529188,Low,0,-93.30702476672995
1379-FRVEB,0.6388305053822296,High,1,53.31932129173512
4753-PADAS,0.186272400816754,Low,0,-55.29462380397904
5701-GUXDC,0.07962244434417484,Low,0,-80.89061335739804
7235-NXZCP,0.726589431732289,High,1,74.38146361574937
0668-OGMHD,0.2786437205874546,Medium,0,-33.1255070590109
2812-REYAT,0.024346522604499807,Low,0,-94.15683457492004
8779-YIQQA,0.03814453846405079,Low,0,-90.84531076862781
9701-CDXHR,0.18712155166590488,Medium,0,-55.09082760018283
7130-CTCUS,0.20008706070923124,Medium,0,-51.979105429784504
1894-IGFSG,0.6089111668059037,High,1,46.138680033416904
0871-URUWO,0.7104278155706727,High,1,70.50267573696146
0057-QBUQH,0.024346522604499807,Low,0,-94.15683457492004
9611-CTWIH,0.8752872670807454,High,1,110.06894409937891
8058-DMYRU,0.4412960235640647,Medium,1,5.911045655375517
5351-QESIO,0.39659490907571626,Medium,0,-4.817221821828099
4302-ZYFEL,0.004656829565452823,Low,0,-98.88236090429132
6134-KWTBV,0.0024096385542168677,Low,0,-99.42168674698796
2034-GDRCN,0.8752872670807454,High,1,110.06894409937891
9544-PYPSJ,0.28167030923813263,Medium,0,-32.399125782848174
4208-UFFGW,0.3528494508883038,Medium,0,-15.316131786807091
9537-JALFH,0.0,Low,0,-100.0
4415-IJZTP,0.8043279309788745,High,1,93.03870343492986
4701-MLJPN,0.2101286099670808,Medium,0,-49.5691336079006
7515-LODFU,0.0,Low,0,-100.0
4927-WWOOZ,0.8784961515464822,High,1,110.8390763711557
4067-HLYQI,0.3372221581516934,Medium,0,-19.0666820435936
6184-DYUOB,0.2203633437867203,Medium,0,-47.11279749118713
9209-NWPGU,0.04462090406206302,Low,0,-89.29098302510488
9851-KIELU,0.46764522991327107,Medium,1,12.234855179185061
3199-XGZCY,0.7375976268914274,High,1,77.02343045394258
4226-KKDON,0.3528494508883038,Medium,0,-15.316131786807091
1085-LDWAM,0.0024096385542168677,Low,0,-99.42168674698796
6825-UYPFK,0.36147752384627363,Medium,0,-13.24539427689433
1767-CJKBA,0.0024096385542168677,Low,0,-99.42168674698796
7181-BQYBV,0.7465832558491863,High,1,79.1799814038047
0178-CIIKR,0.17652815529245736,Low,0,-57.633242729810235
4256-ZWTZI,0.2453441327037583,Medium,0,-41.11740815109801
9537-VHDTA,0.18712155166590488,Medium,0,-55.09082760018283
2754-XBHTB,0.6284808551463561,High,1,50.83540523512545
5975-BAICR,0.06414317348702483,Low,0,-84.60563836311404
3301-VKTGC,0.057577135751175776,Low,0,-86.18148741971781
2877-VDUER,0.0786948487269031,Low,0,-81.11323630554325
7717-BICXI,0.0,Low,0,-100.0
0562-FGDCR,0.004656829565452823,Low,0,-98.88236090429132
3705-PSNGL,0.03277590452398828,Low,0,-92.13378291424281
0048-LUMLS,0.19565798378724267,Medium,0,-53.042083891061765
6497-TILVL,0.186272400816754,Low,0,-55.29462380397904
2108-YKQTY,0.2621976853608919,Medium,0,-37.07255551338595
3658-KIBGF,0.3372221581516934,Medium,0,-19.0666820435936
5482-NUPNA,0.186272400816754,Low,0,-55.29462380397904
7410-KTVFV,0.28167030923813263,Medium,0,-32.399125782848174
9033-EOXWV,0.18712155166590488,Medium,0,-55.09082760018283
8821-XNHVZ,0.6194179894179894,High,1,48.66031746031746
8224-KDLKN,0.0,Low,0,-100.0
4825-FUREZ,0.01774415609361187,Low,0,-95.74140253753315
7534-BFESC,0.6159037775316845,High,1,47.81690660760427
9138-EFSMO,0.2203633437867203,Medium,0,-47.11279749118713
4227-OJHAL,0.03277590452398828,Low,0,-92.13378291424281
7279-NMVJC,0.05207876615630451,Low,0,-87.50109612248691
8591-TKMZH,0.061546074491469135,Low,0,-85.22894212204741
9283-LZQOH,0.4951306100302301,Medium,1,18.83134640725524
3594-IVHJZ,0.1994999778374345,Medium,0,-52.120005319015725
1945-XISKS,0.0,Low,0,-100.0
4359-INNWN,0.05471273288677292,Low,0,-86.8689441071745
7649-SIJJF,0.01774415609361187,Low,0,-95.74140253753315
9254-RBFON,0.2233561869877613,Medium,0,-46.394515122937285
0970-ETWGE,0.9038586956521739,High,1,116.92608695652171
7762-ONLJY,0.06196547160811396,Low,0,-85.12828681405264
6710-HSJRD,0.3653355155482815,Medium,0,-12.319476268412444
8873-GLDMH,0.6230976430976432,High,1,49.54343434343434
9907-SWKKF,0.4898674521354933,Medium,1,17.568188512518404
4658-HCOHW,0.46764522991327107,Medium,1,12.234855179185061
9330-VOFSZ,0.09613093961395569,Low,0,-76.92857449265064
2860-RANUS,0.6159037775316845,High,1,47.81690660760427
6234-PFPXL,0.30724060101532097,Medium,0,-26.262255756322972
7205-BAIAD,0.024346522604499807,Low,0,-94.15683457492004
3858-VOBET,0.6080984123828397,High,1,45.943618971881534
5103-MHMHY,0.28793990171462164,Medium,0,-30.89442358849081
6119-SPUDB,0.024346522604499807,Low,0,-94.15683457492004
9389-ACWBI,0.3955727619415118,Medium,0,-5.062537134037171
3454-JFUBC,0.0024096385542168677,Low,0,-99.42168674698796
1768-ZAIFU,0.6941315192743763,High,1,66.59156462585031
7017-VFULY,0.18591373826294597,Low,0,-55.38070281689297
9221-OTIVJ,0.8397668153102934,High,1,101.5440356744704
2482-CZGBB,0.6388305053822296,High,1,53.31932129173512
7018-WBJNK,0.5031826990155801,High,1,20.763847763739236
3331-HQDTW,0.42116633764714484,Medium,1,1.0799210353147544
4695-VADHF,0.2921278255780019,Medium,0,-29.889321861279555
4086-WITJG,0.0,Low,0,-100.0
6297-NOOPG,0.09613093961395569,Low,0,-76.92857449265064
8777-PVYGU,0.053175727300471556,Low,0,-87.23782544788682
4378-MYPGO,0.046336104658962124,Low,0,-88.87933488184909
9313-CDOGY,0.053175727300471556,Low,0,-87.23782544788682
4121-AGSIN,0.01774415609361187,Low,0,-95.74140253753315
0432-CAJZV,0.6425101590618832,High,1,54.20243817485198
9097-ZUBYC,0.186272400816754,Low,0,-55.29462380397904
9638-JIQYA,0.5498635477582846,High,1,31.967251461988297
1024-GUALD,0.6387710132174742,High,1,53.30504317219379
8024-XNAFQ,0.046336104658962124,Low,0,-88.87933488184909
7587-RZNME,0.4729083878080079,Medium,1,13.498013073921882
1346-UFHAX,0.45627744875825593,Medium,1,9.50658770198143
6374-NTQLP,0.043168558118256366,Low,0,-89.63954605161847
6625-FLENO,0.0024096385542168677,Low,0,-99.42168674698796
7375-WMVMT,0.046336104658962124,Low,0,-88.87933488184909
6910-HADCM,0.585925925925926,High,1,40.622222222222234
7401-JIXNM,0.01774415609361187,Low,0,-95.74140253753315
7338-ERIVA,0.0403041552538535,Low,0,-90.32700273907516
5376-DEQCP,0.7104278155706727,High,1,70.50267573696146
0909-SELIE,0.020668851859143758,Low,0,-95.0394755538055
5419-KLXBN,0.36147752384627363,Medium,0,-13.24539427689433
0365-TRTPY,0.19565798378724267,Medium,0,-53.042083891061765
6712-OAWRH,0.682737579880437,High,1,63.8570191713049
2428-ZMCTB,0.1037499872330033,Low,0,-75.1000030640792
1963-VAUKV,0.17652815529245736,Low,0,-57.633242729810235
9381-NDKME,0.3845586279476522,Medium,0,-7.705929292563468
3729-OWRVL,0.10070236818538428,Low,0,-75.83143163550777
0895-LMRSF,0.21991952191403846,Medium,0,-47.21931474063077
2676-SSLTO,0.0403041552538535,Low,0,-90.32700273907516
8495-PRWFH,0.21097776081623168,Medium,0,-49.3653374041044
9030-QGZNL,0.0403041552538535,Low,0,-90.32700273907516
9972-NKTFD,0.09859614412990061,Low,0,-76.33692540882384
7998-WNZEM,0.010099006436201121,Low,0,-97.57623845531172
0979-PHULV,0.28793990171462164,Medium,0,-30.89442358849081
6445-TNRXS,0.046336104658962124,Low,0,-88.87933488184909
9586-JGQKH,0.09126222683596608,Low,0,-78.09706555936815
3966-HRMZA,0.5365160323489134,High,1,28.76384776373922
5498-IBWPI,0.01774415609361187,Low,0,-95.74140253753315
6823-SIDFQ,0.03493552131379099,Low,0,-91.61547488469016
2323-ARSVR,0.061546074491469135,Low,0,-85.22894212204741
5468-BPMMO,0.046336104658962124,Low,0,-88.87933488184909
0486-HECZI,0.3103897523334863,Medium,0,-25.506459439963294
2178-PMGCJ,0.4277722140402552,Medium,1,2.6653313696612457
4660-IRIBM,0.3528494508883038,Medium,0,-15.316131786807091
9674-EHPPG,0.024346522604499807,Low,0,-94.15683457492004
5606-AMZBO,0.4603436426116838,Medium,1,10.4824742268041
0665-XHDJU,0.12333408014559392,Low,0,-70.39982076505746
5402-HTOTQ,0.31888168958754937,Medium,0,-23.46839449898816
8258-GSTJK,0.8313810710754928,High,1,99.53145705811826
3787-TRIAL,0.3528494508883038,Medium,0,-15.316131786807091
6175-IRFIT,0.5889863547758285,High,1,41.35672514619884
6317-YPKDH,0.3842145569453432,Medium,0,-7.788506333117638
5692-FPTAH,0.3946688488816148,Medium,0,-5.279476268412452
5373-SFODM,0.4951306100302301,Medium,1,18.83134640725524
0868-VJRDR,0.046336104658962124,Low,0,-88.87933488184909
4079-VTGLK,0.10909259407748247,Low,0,-73.8177774214042
1166-PQLGG,0.0,Low,0,-100.0
5296-BFCYD,0.013488836944675698,Low,0,-96.76267913327783
6568-POCUI,0.10070236818538428,Low,0,-75.83143163550777
2839-RFSQE,0.17652815529245736,Low,0,-57.633242729810235
2188-SXWVT,0.0403041552538535,Low,0,-90.32700273907516
8849-GYOKR,0.12059980408282016,Low,0,-71.05604702012316
3623-FQBOX,0.10288418636720245,Low,0,-75.30779527187141
2649-HWLYB,0.01774415609361187,Low,0,-95.74140253753315
0599-XNYDO,0.4299282424090496,Medium,1,3.182778178171901
2514-GINMM,0.811361840306262,High,1,94.72684167350286
8401-EMUWF,0.10621529895880803,Low,0,-74.50832824988608
5766-ZJYBB,0.19565798378724267,Medium,0,-53.042083891061765
2604-IJPDU,0.36147752384627363,Medium,0,-13.24539427689433
2501-XWWTZ,0.528445856910317,High,1,26.827005658476068
6370-ZVHDV,0.0024096385542168677,Low,0,-99.42168674698796
3027-YNWZU,0.0024096385542168677,Low,0,-99.42168674698796
4526-ZJJTM,0.36147752384627363,Medium,0,-13.24539427689433
0440-QEXBZ,0.15631482500385216,Low,0,-62.484441999075486
0330-IVZHA,0.583196881091618,High,1,39.967251461988326
9758-MFWGD,0.0403041552538535,Low,0,-90.32700273907516
4229-CZMLL,0.7595686717196152,High,1,82.29648121270762
0742-MOABM,0.24208598734034975,Medium,0,-41.89936303831606
4277-BWBML,0.0,Low,0,-100.0
5136-GFPMB,0.28167030923813263,Medium,0,-32.399125782848174
7520-HQWJU,0.04100894132845366,Low,0,-90.15785408117112
6304-IJFSQ,0.3528494508883038,Medium,0,-15.316131786807091
0297-RBCSG,0.1032341269385447,Low,0,-75.22380953474928
6013-BHCAW,0.033256030745354395,Low,0,-92.01855262111495
4402-FTBXC,0.1723475532857684,Low,0,-58.63658721141559
1471-GIQKQ,0.3528494508883038,Medium,0,-15.316131786807091
4283-FUTGF,0.662375478927203,High,1,58.97011494252874
9548-LERKT,0.024346522604499807,Low,0,-94.15683457492004
8059-UDZFY,0.46764522991327107,Medium,1,12.234855179185061
0410-IPFTY,0.40329692183958465,Medium,0,-3.208738758499692
2478-EEWWM,0.23019240361578014,Medium,0,-44.753823132212766
4619-EVPHY,0.390810857179607,Medium,0,-6.205394276894324
2277-DJJDL,0.4412960235640647,Medium,1,5.911045655375517
2911-WDXMV,0.45627744875825593,Medium,1,9.50658770198143
3639-XJHKQ,0.186272400816754,Low,0,-55.29462380397904
8173-RXAYP,0.024346522604499807,Low,0,-94.15683457492004
4537-CIBHB,0.057577135751175776,Low,0,-86.18148741971781
5442-BXVND,0.061546074491469135,Low,0,-85.22894212204741
2308-STERM,0.17652815529245736,Low,0,-57.633242729810235
7159-NOKYQ,0.10070236818538428,Low,0,-75.83143163550777
6075-QMNRR,0.061546074491469135,Low,0,-85.22894212204741
3694-GLTJM,0.19565798378724267,Medium,0,-53.042083891061765
9629-NHXFW,0.1965071346363935,Medium,0,-52.83828768726556
7167-PCEYD,0.0024096385542168677,Low,0,-99.42168674698796
2748-MYRVK,0.12594241092729933,Low,0,-69.77382137744817
4223-WOZCM,0.3528494508883038,Medium,0,-15.316131786807091
6946-LMSQS,0.390810857179607,Medium,0,-6.205394276894324
5469-NUJUR,0.03541564753515711,Low,0,-91.50024459156229
6388-TABGU,0.01774415609361187,Low,0,-95.74140253753315
1261-FWTTE,0.42116633764714484,Medium,1,1.0799210353147544
8590-YFFQO,0.0024096385542168677,Low,0,-99.42168674698796
0082-OQIQY,0.5201935250497377,High,1,24.846446011937047
9465-RWMXL,0.49727485954290074,Medium,1,19.34596629029616
2930-UOTMB,0.09613093961395569,Low,0,-76.92857449265064
9128-CPXKI,0.10070236818538428,Low,0,-75.83143163550777
0484-FFVBJ,0.15869437628594124,Low,0,-61.9133496913741
1100-DDVRV,0.4412960235640647,Medium,1,5.911045655375517
9313-QOLTZ,0.07212881099105406,Low,0,-82.68908536214703
3338-CVVEH,0.7471809602247608,High,1,79.32343045394259
1131-SUEKT,0.10288418636720245,Low,0,-75.30779527187141
7602-DBTOU,0.0,Low,0,-100.0
1385-TQOZW,0.186272400816754,Low,0,-55.29462380397904
6892-XPFPU,0.7602631161640596,High,1,82.4631478793743
4115-NZRKS,0.8752872670807454,High,1,110.06894409937891
5514-YQENT,0.09126222683596608,Low,0,-78.09706555936815
6319-IEJWJ,0.6230976430976432,High,1,49.54343434343434
8849-AYPTR,0.4729083878080079,Medium,1,13.498013073921882
5893-PYOLZ,0.026482338595737488,Low,0,-93.644238737023
7180-PISOG,0.7464865157803164,High,1,79.15676378727593
8443-ZRDBZ,0.7602631161640596,High,1,82.4631478793743
9079-YEXQJ,0.34566996370881664,Medium,0,-17.039208709884008
3780-YVMFA,0.4183822363203807,Medium,0,0.4117367168913688
6968-MHOMU,0.10070236818538428,Low,0,-75.83143163550777
0899-LIIBW,0.5889863547758285,High,1,41.35672514619884
3677-IYRBF,0.6904518655947227,High,1,65.70844774273345
8393-DLHGA,0.5599165873339681,High,1,34.379980960152324
7691-XVTZH,0.0786948487269031,Low,0,-81.11323630554325
5360-LJCNJ,0.10070236818538428,Low,0,-75.83143163550777
3891-PUQOD,0.3986688488816148,Medium,0,-4.319476268412444
0952-KMEEH,0.5303255561584372,High,1,27.278133478024927
4919-IKATY,0.583196881091618,High,1,39.967251461988326
9746-UGFAC,0.0403041552538535,Low,0,-90.32700273907516
9108-EQPNQ,0.03541564753515711,Low,0,-91.50024459156229
0531-ZZJWQ,0.3528494508883038,Medium,0,-15.316131786807091
8763-KIAFH,0.0382731243240446,Low,0,-90.81445016222929
5863-OOKCL,0.10576148148587687,Low,0,-74.61724444338955
2958-NHPPS,0.10070236818538428,Low,0,-75.83143163550777
9530-GRMJG,0.03814453846405079,Low,0,-90.84531076862781
1809-DMJHQ,0.27867746603709165,Medium,0,-33.117408151098005
0164-XAIRP,0.026482338595737488,Low,0,-93.644238737023
2926-JEJJC,0.09845140762512265,Low,0,-76.37166216997056
1169-WCVAK,0.30724060101532097,Medium,0,-26.262255756322972
1217-VASWC,0.2634696351390919,Medium,0,-36.767287566617945
2452-KDRRH,0.3528494508883038,Medium,0,-15.316131786807091
6402-EJMWF,0.43177221404025523,Medium,1,3.6253313696612537
7663-CUXZB,0.0786948487269031,Low,0,-81.11323630554325
4312-KFRXN,0.0,Low,0,-100.0
3011-WQKSZ,0.12333408014559392,Low,0,-70.39982076505746
9747-DDZOS,0.5231826990155801,High,1,25.563847763739233
2091-MJTFX,0.186272400816754,Low,0,-55.29462380397904
0388-EOPEX,0.585925925925926,High,1,40.622222222222234
3161-ONRWK,0.01774415609361187,Low,0,-95.74140253753315
2587-EKXTS,0.4412960235640647,Medium,1,5.911045655375517
9752-ZNQUT,0.43177221404025523,Medium,1,3.6253313696612537
9572-WUKSB,0.5627206906154275,High,1,35.052965747702615
3836-FZSDJ,0.0024096385542168677,Low,0,-99.42168674698796
8805-JNRAZ,0.3000611138358337,Medium,0,-27.985332679399903
3069-SSVSN,0.2881675301112641,Medium,0,-30.839792773296608
8015-IHCGW,0.061546074491469135,Low,0,-85.22894212204741
8132-YPVBX,0.5932499206673013,High,1,42.379980960152324
0235-KGSLC,0.631995067032661,High,1,51.67881608783861
1302-UHBDD,0.6425101590618832,High,1,54.20243817485198
3722-WPXTK,0.9305253623188406,High,1,123.32608695652175
7531-GQHME,0.1037499872330033,Low,0,-75.1000030640792
1335-NTIUC,0.5760540239487608,High,1,38.252965747702575
9367-TCUYN,0.10288418636720245,Low,0,-75.30779527187141
1536-HBSWP,0.4125382646891749,Medium,0,-0.9908164745980201
8573-JGCZW,0.06196547160811396,Low,0,-85.12828681405264
2694-CIUMO,0.46764522991327107,Medium,1,12.234855179185061
2027-FECZV,0.8021310710754926,High,1,92.51145705811822
9103-TCIHJ,0.28167030923813263,Medium,0,-32.399125782848174
1545-JFUML,0.07469664928019937,Low,0,-82.07280417275216
0524-IAVZO,0.6203685982633351,High,1,48.88846358320043
5519-TEEUH,0.02788739680529188,Low,0,-93.30702476672995
6654-QGBZZ,0.186272400816754,Low,0,-55.29462380397904
2294-DMMUS,0.1060449750298634,Low,0,-74.54920599283278
0017-IUDMW,0.043168558118256366,Low,0,-89.63954605161847
5018-LXQQG,0.08057430218497094,Low,0,-80.66216747560698
5808-TOTXO,0.09711853675485745,Low,0,-76.69155117883422
1174-FGIFN,0.3205188614483967,Medium,0,-23.075473252384796
0730-KOAVE,0.3528494508883038,Medium,0,-15.316131786807091
1218-VKFPE,0.09613093961395569,Low,0,-76.92857449265064
5313-FPXWG,0.024346522604499807,Low,0,-94.15683457492004
2834-JKOOW,0.08385668607416956,Low,0,-79.8743953421993
9430-NKQLY,0.001988131837275629,Low,0,-99.52284835905385
0363-QJVFX,0.3528494508883038,Medium,0,-15.316131786807091
1658-TJVOA,0.5917153996101365,High,1,42.01169590643278
6685-GBWJZ,0.024346522604499807,Low,0,-94.15683457492004
6328-ZPBGN,0.7403660321160321,High,1,77.68784770784771
4003-FUSHP,0.2233561869877613,Medium,0,-46.394515122937285
7690-KPNCU,0.03814453846405079,Low,0,-90.84531076862781
2969-WGHQO,0.1037499872330033,Low,0,-75.1000030640792
1855-CFULU,0.18676288911209685,Low,0,-55.17690661309676
9788-YTFGE,0.1965071346363935,Medium,0,-52.83828768726556
8266-VBFQL,0.6309831372266512,High,1,51.43595293439628
2325-NBPZG,0.5832431819685058,High,1,39.97836367244139
9906-NHHVC,0.042281894535269995,Low,0,-89.8523453115352
2541-YGPKE,0.03277590452398828,Low,0,-92.13378291424281
5049-MUBWG,0.0786948487269031,Low,0,-81.11323630554325
2332-TODQS,0.024346522604499807,Low,0,-94.15683457492004
4419-UJMUS,0.09613093961395569,Low,0,-76.92857449265064
2233-TXSIU,0.12059980408282016,Low,0,-71.05604702012316
6770-XUAGN,0.28793990171462164,Medium,0,-30.89442358849081
2919-HBCJO,0.5031826990155801,High,1,20.763847763739236
9508-ILZDG,0.46764522991327107,Medium,1,12.234855179185061
5442-BHQNG,0.5959789655016093,High,1,43.03495172038623
7250-EQKIY,0.28167030923813263,Medium,0,-32.399125782848174
6838-HVLXG,0.10288418636720245,Low,0,-75.30779527187141
9767-FFLEM,0.3000611138358337,Medium,0,-27.985332679399903
2245-ADZFJ,0.046336104658962124,Low,0,-88.87933488184909
1150-WFARN,0.053175727300471556,Low,0,-87.23782544788682
9054-FOWNV,0.6166889445836815,High,1,48.00534670008355
7997-EASSD,0.0920846343018276,Low,0,-77.89968776756137
7560-QJAVJ,0.013488836944675698,Low,0,-96.76267913327783
2668-TZSPS,0.186272400816754,Low,0,-55.29462380397904
9139-WQQDY,0.186272400816754,Low,0,-55.29462380397904
6726-NNFWD,0.0403041552538535,Low,0,-90.32700273907516
9330-DHBFL,0.053175727300471556,Low,0,-87.23782544788682
5727-MYATE,0.01774415609361187,Low,0,-95.74140253753315
2824-DXNKN,0.01774415609361187,Low,0,-95.74140253753315
6166-ILMNY,0.5031826990155801,High,1,20.763847763739236
5236-XMZJY,0.057577135751175776,Low,0,-86.18148741971781
1709-EJDOX,0.0024096385542168677,Low,0,-99.42168674698796
4962-CHQPW,0.02788739680529188,Low,0,-93.30702476672995
0301-FIDRB,0.013488836944675698,Low,0,-96.76267913327783
1820-TQVEV,0.7375976268914274,High,1,77.02343045394258
9115-YQHGA,0.15986524292995363,Low,0,-61.632341696811125
1541-ETJZO,0.28793990171462164,Medium,0,-30.89442358849081
6230-BSUXY,0.8556398311833094,High,1,105.35355948399427
6797-LNAQX,0.057144666040764916,Low,0,-86.28528015021642
9588-YRFHY,0.010099006436201121,Low,0,-97.57623845531172
1092-GANHU,0.5760540239487608,High,1,38.252965747702575
5951-AOFIH,0.19565798378724267,Medium,0,-53.042083891061765
7029-RPUAV,0.7177005428433999,High,1,72.24813028241596
4700-UBQMV,0.1734002586388824,Low,0,-58.383937926668224
3594-UVONA,0.09613093961395569,Low,0,-76.92857449265064
7750-EYXWZ,0.23222318206165288,Medium,0,-44.266436305203314
7054-ENNGU,0.2233561869877613,Medium,0,-46.394515122937285
0402-OAMEN,0.0,Low,0,-100.0
2195-VVRJF,0.29053730431202424,Medium,0,-30.271046965114195
8819-ZBYNA,0.07618701173630751,Low,0,-81.7151171832862
7748-UMTRK,0.5771313240928,High,1,38.511517782271994
1741-WTPON,0.046336104658962124,Low,0,-88.87933488184909
7209-JCUDS,0.7750779309788743,High,1,86.01870343492982
2485-ITVKB,0.7303248996187002,High,1,75.27797590848803
9648-BCHKM,0.0403041552538535,Low,0,-90.32700273907516
0743-HRVFF,0.09613093961395569,Low,0,-76.92857449265064
2522-AHJXR,0.24507883054139076,Medium,0,-41.181080670066216
9143-CANJF,0.09613093961395569,Low,0,-76.92857449265064
1444-VVSGW,0.08689147330656766,Low,0,-79.14604640642376
6898-MDLZW,0.2203633437867203,Medium,0,-47.11279749118713
0074-HDKDG,0.057577135751175776,Low,0,-86.18148741971781
3982-JGSFD,0.03202038564082245,Low,0,-92.31510744620262
7928-VJYAB,0.6230976430976432,High,1,49.54343434343434
1522-VVDMG,0.5383542188805347,High,1,29.20501253132832
2665-NPTGL,0.65559953274239,High,1,57.34388785817359
8728-SKJLR,0.3195851546323369,Medium,0,-23.29956288823915
7733-UDMTP,0.2513484230178798,Medium,0,-39.67637847570885
0431-APWVY,0.30724060101532097,Medium,0,-26.262255756322972
5081-NWSUP,0.10070236818538428,Low,0,-75.83143163550777
2746-DIJLO,0.07962244434417484,Low,0,-80.89061335739804
7277-OZCGZ,0.3821827842216371,Medium,0,-8.276131786807099
5236-PERKL,0.10031589475543257,Low,0,-75.92418525869618
2788-CJQAQ,0.06196547160811396,Low,0,-85.12828681405264
3096-WPXBT,0.09613093961395569,Low,0,-76.92857449265064
9962-BFPDU,0.14592189976285755,Low,0,-64.9787440569142
2892-GESUL,0.024346522604499807,Low,0,-94.15683457492004
9741-YLNTD,0.6194179894179894,High,1,48.66031746031746
1205-WNWPJ,0.33521244736894734,Medium,0,-19.54901263145264
3173-NVMPX,0.3156087792308969,Medium,0,-24.253892984584752
9661-MHUMO,0.3000611138358337,Medium,0,-27.985332679399903
6000-APYLU,0.7375976268914274,High,1,77.02343045394258
0048-PIHNL,0.01774415609361187,Low,0,-95.74140253753315
9420-LOJKX,0.43177221404025523,Medium,1,3.6253313696612537
7061-OVMIM,0.02788739680529188,Low,0,-93.30702476672995
5671-RQRLP,0.057577135751175776,Low,0,-86.18148741971781
5129-JLPIS,0.4412960235640647,Medium,1,5.911045655375517
5170-PTRKA,0.03277590452398828,Low,0,-92.13378291424281
4819-HJPIW,0.3000611138358337,Medium,0,-27.985332679399903
8780-RSYYU,0.10070236818538428,Low,0,-75.83143163550777
2335-GSODA,0.02788739680529188,Low,0,-93.30702476672995
5696-CEIQJ,0.043168558118256366,Low,0,-89.63954605161847
6169-PPETC,0.013488836944675698,Low,0,-96.76267913327783
4237-RLAQD,0.42116633764714484,Medium,1,1.0799210353147544
7359-WWYJV,0.043168558118256366,Low,0,-89.63954605161847
8620-RJPZN,0.2233561869877613,Medium,0,-46.394515122937285
7426-WEIJX,0.23019240361578014,Medium,0,-44.753823132212766
7629-WIXZF,0.2233561869877613,Medium,0,-46.394515122937285
2616-FLVQC,0.0,Low,0,-100.0
9163-GHAYE,0.25720397097869097,Medium,0,-38.271046965114174
4464-JCOLN,0.08317708807494104,Low,0,-80.03749886201416
2971-SGAFL,0.46764522991327107,Medium,1,12.234855179185061
4735-ASGMA,0.7469646720025918,High,1,79.27152128062204
5245-VDBUR,0.03277590452398828,Low,0,-92.13378291424281
1493-AMTIE,0.20836697291132608,Medium,0,-49.991926501281746
1112-CUNAO,0.6425101590618832,High,1,54.20243817485198
7571-YXDAD,0.5593873572820941,High,1,34.252965747702575
8714-EUHJO,0.4883723053337811,Medium,1,17.209353280107464
9040-KZVWO,0.18271114801431992,Low,0,-56.149324476563216
6713-OKOMC,0.3000611138358337,Medium,0,-27.985332679399903
8749-CLJXC,0.19565798378724267,Medium,0,-53.042083891061765
4713-LZDRV,0.8496197484826306,High,1,103.90873963583132
6598-RFFVI,0.09397073886859184,Low,0,-77.44702267153797
7470-MCQTK,0.5260540239487608,High,1,26.252965747702575
5524-KHNJP,0.0681121122273182,Low,0,-83.65309306544364
1707-HABPF,0.19865082698828362,Medium,0,-52.323801522811934
4581-LNWUM,0.5312623249789945,High,1,27.502957994958678
9710-ZUSHQ,0.3936769759450172,Medium,0,-5.517525773195871
1697-LYYYX,0.004656829565452823,Low,0,-98.88236090429132
4013-GUXND,0.17652815529245736,Low,0,-57.633242729810235
5022-JNQEQ,0.46764522991327107,Medium,1,12.234855179185061
4983-CCWMC,0.6097919040124378,High,1,46.350056962985065
6345-FZOQH,0.0,Low,0,-100.0
0962-CQPWQ,0.0,Low,0,-100.0
5495-GPSRW,0.033256030745354395,Low,0,-92.01855262111495
2252-JHJGE,0.186272400816754,Low,0,-55.29462380397904
7356-AYNJP,0.1313028385068764,Low,0,-68.48731875834966
2019-HDCZY,0.10489568062007601,Low,0,-74.82503665118176
8582-KRHPJ,0.09613093961395569,Low,0,-76.92857449265064
2867-UIMSS,0.6941315192743763,High,1,66.59156462585031
3487-EARAT,0.01774415609361187,Low,0,-95.74140253753315
9926-PJHDQ,0.026482338595737488,Low,0,-93.644238737023
0289-IVARM,0.09613093961395569,Low,0,-76.92857449265064
4672-FOTSD,0.24507883054139076,Medium,0,-41.181080670066216
6198-PNNSZ,0.12059980408282016,Low,0,-71.05604702012316
7603-USHJS,0.5053313696612666,High,1,21.279528718703972
6784-XYJAE,0.09613093961395569,Low,0,-76.92857449265064
3858-XHYJO,0.19565798378724267,Medium,0,-53.042083891061765
1087-UDSIH,0.1965071346363935,Medium,0,-52.83828768726556
7251-LJBQN,0.3000611138358337,Medium,0,-27.985332679399903
3200-MNQTF,0.004656829565452823,Low,0,-98.88236090429132
9359-UGBTK,0.026482338595737488,Low,0,-93.644238737023
8160-HOWOX,0.5698635477582846,High,1,36.76725146198831
0258-NOKBL,0.6136122709190536,High,1,47.26694502057285
2800-QQUSO,0.49551516247663835,Medium,1,18.9236389943932
2129-ALKBS,0.08057430218497094,Low,0,-80.66216747560698
9972-VAFJJ,0.186272400816754,Low,0,-55.29462380397904
4693-VWVBO,0.2233561869877613,Medium,0,-46.394515122937285
6969-MVBAI,0.8219444444444445,High,1,97.26666666666665
4821-WQOYN,0.0,Low,0,-100.0
6769-DYBQN,0.316606957453686,Medium,0,-24.014330211115364
4018-PPNDW,0.0024096385542168677,Low,0,-99.42168674698796
6288-CHQJB,0.013488836944675698,Low,0,-96.76267913327783
4905-JEFDW,0.390810857179607,Medium,0,-6.205394276894324
0559-CKHUS,0.024346522604499807,Low,0,-94.15683457492004
2659-VXMWZ,0.186272400816754,Low,0,-55.29462380397904
6559-RAKOZ,0.24950197047295633,Medium,0,-40.11952708649048
8809-XKHMD,0.043168558118256366,Low,0,-89.63954605161847
6365-HITVU,0.004656829565452823,Low,0,-98.88236090429132
0134-XWXCE,0.0786948487269031,Low,0,-81.11323630554325
9720-JJJOR,0.0403041552538535,Low,0,-90.32700273907516
2782-LFZVW,0.4326679506060949,Medium,1,3.840308145462771
6112-KTHFQ,0.1723475532857684,Low,0,-58.63658721141559
9220-ZNKJI,0.057577135751175776,Low,0,-86.18148741971781
9820-RMCQV,0.186272400816754,Low,0,-55.29462380397904
9013-AQORL,0.09613093961395569,Low,0,-76.92857449265064
2040-OBMLJ,0.134633951098482,Low,0,-67.68785173636431
5574-NXZIU,0.0403041552538535,Low,0,-90.32700273907516
5446-DKWYW,0.0920846343018276,Low,0,-77.89968776756137
0480-KYJVA,0.0,Low,0,-100.0
1074-AMIOH,0.2203633437867203,Medium,0,-47.11279749118713
0015-UOCOJ,0.3528494508883038,Medium,0,-15.316131786807091
0256-LTHVJ,0.4729083878080079,Medium,1,13.498013073921882
4547-LYTDD,0.5831160048537264,High,1,39.94784116489433
1077-HUUJM,0.5932499206673013,High,1,42.379980960152324
2041-JIJCI,0.5365483008781978,High,1,28.771592210767494
1555-HAPSU,0.0,Low,0,-100.0
4323-SADQS,0.3372221581516934,Medium,0,-19.0666820435936
3292-PBZEJ,0.7272838761767333,High,1,74.54813028241597
6203-HBZPA,0.026482338595737488,Low,0,-93.644238737023
9755-JHNMN,0.010099006436201121,Low,0,-97.57623845531172
7369-TRPFD,0.057577135751175776,Low,0,-86.18148741971781
9878-TNQGW,0.7750779309788743,High,1,86.01870343492982
2279-AXJJK,0.28793990171462164,Medium,0,-30.89442358849081
5016-IBERQ,0.4581214203894616,Medium,1,9.94914089347077
1016-DJTSV,0.7177005428433999,High,1,72.24813028241596
8433-WPJTV,0.15764167093282722,Low,0,-62.165998976121465
8903-XEBGX,0.47419508783295133,Medium,1,13.806821079908318
2632-TACXW,0.0024096385542168677,Low,0,-99.42168674698796
7952-OBOYL,0.5677192982456141,High,1,36.25263157894739
1470-PSXNM,0.2233561869877613,Medium,0,-46.394515122937285
6227-HWPWX,0.3423919345484345,Medium,0,-17.825935708375724
5924-SNGKP,0.024346522604499807,Low,0,-94.15683457492004
8818-DOPVL,0.6131747326973767,High,1,47.16193584737039
4521-WFJAI,0.013488836944675698,Low,0,-96.76267913327783
4724-WXVWF,0.32568863784513785,Medium,0,-21.83472691716692
3717-OEAUQ,0.5231826990155801,High,1,25.563847763739233
8165-ZJRNM,0.0,Low,0,-100.0
7838-LAZFO,0.053175727300471556,Low,0,-87.23782544788682
0513-RBGPE,0.026482338595737488,Low,0,-93.644238737023
7251-XFOIL,0.2453441327037583,Medium,0,-41.11740815109801
2525-GVKQU,0.0017421404821948514,Low,0,-99.58188628427324
7579-OOPEC,0.30724060101532097,Medium,0,-26.262255756322972
3795-GWTRD,0.004656829565452823,Low,0,-98.88236090429132
4750-ZRXIU,0.9559420289855073,High,1,129.42608695652177
5445-PZWGX,0.09613093961395569,Low,0,-76.92857449265064
0516-UXRMT,0.10070236818538428,Low,0,-75.83143163550777
0727-BNRLG,0.053175727300471556,Low,0,-87.23782544788682
3932-CMDTD,0.43177221404025523,Medium,1,3.6253313696612537
1264-FUHCX,0.08978578372711496,Low,0,-78.4514119054924
6194-HBGQN,0.0403041552538535,Low,0,-90.32700273907516
4524-QCSSM,0.23222318206165288,Medium,0,-44.266436305203314
4570-QHXHL,0.4299282424090496,Medium,1,3.182778178171901
2972-YDYUW,0.10499353732226668,Low,0,-74.801551042656
2061-VVFST,0.046336104658962124,Low,0,-88.87933488184909
6874-SGLHU,0.30724060101532097,Medium,0,-26.262255756322972
9844-FELAJ,0.18712155166590488,Medium,0,-55.09082760018283
1902-XBTFB,0.46764522991327107,Medium,1,12.234855179185061
9039-RBEEE,0.10708109982460892,Low,0,-74.30053604209387
9369-XFEHK,0.36147752384627363,Medium,0,-13.24539427689433
3680-CTHUH,0.1037499872330033,Low,0,-75.1000030640792
3679-XASPY,0.1965071346363935,Medium,0,-52.83828768726556
9089-UOWJG,0.310518630175703,Medium,0,-25.475528757831285
1574-DYCWE,0.0024096385542168677,Low,0,-99.42168674698796
9779-DPNEJ,0.5365483008781978,High,1,28.771592210767494
2967-MXRAV,0.08547593864965368,Low,0,-79.48577472408311
0327-WFZSY,0.3300426709722062,Medium,0,-20.78975896667052
1731-TVIUK,0.6859445024962266,High,1,64.62668059909439
7666-WKRON,0.09613093961395569,Low,0,-76.92857449265064
3865-ZYKAD,0.14018389699541078,Low,0,-66.35586472110141
1465-LNTLJ,0.3528494508883038,Medium,0,-15.316131786807091
2696-RZVZW,0.0024096385542168677,Low,0,-99.42168674698796
0685-MLYYM,0.6520853208560851,High,1,56.500477005460425
2778-OCLGR,0.24369987777708246,Medium,0,-41.51202933350021
3982-XWFZQ,0.21097776081623168,Medium,0,-49.3653374041044
4759-PXTAN,0.09613093961395569,Low,0,-76.92857449265064
1448-PWKYE,0.6230976430976432,High,1,49.54343434343434
8741-LQOBK,0.057577135751175776,Low,0,-86.18148741971781
8650-RHRKE,0.5830466346745415,High,1,39.93119232188997
7266-GSSJX,0.186272400816754,Low,0,-55.29462380397904
1265-HVPZB,0.03277590452398828,Low,0,-92.13378291424281
9640-ZSLDC,0.03814453846405079,Low,0,-90.84531076862781
0988-JRWWP,0.5460540239487608,High,1,31.052965747702586
1926-QUZNN,0.0024096385542168677,Low,0,-99.42168674698796
9025-ZRPVR,0.186272400816754,Low,0,-55.29462380397904
6527-PZFPV,0.0403041552538535,Low,0,-90.32700273907516
7460-ITWWP,0.46764522991327107,Medium,1,12.234855179185061
1530-ZTDOZ,0.10070236818538428,Low,0,-75.83143163550777
4785-FCIFB,0.0024096385542168677,Low,0,-99.42168674698796
9717-QEBGU,0.7104278155706727,High,1,70.50267573696146
0876-WDUUZ,0.528445856910317,High,1,26.827005658476068
7881-EVUAD,0.5627206906154275,High,1,35.052965747702615
4002-BQWPQ,0.10403348077698986,Low,0,-75.03196461352243
6377-WHAOX,0.4412960235640647,Medium,1,5.911045655375517
5027-YOCXN,0.09613093961395569,Low,0,-76.92857449265064
8450-JOVAH,0.23345054897918863,Medium,0,-43.971868244994724
6646-QVXLR,0.3300426709722062,Medium,0,-20.78975896667052
0254-KCJGT,0.043168558118256366,Low,0,-89.63954605161847
3442-ZHHCC,0.03277590452398828,Low,0,-92.13378291424281
9167-APMXZ,0.570448343079922,High,1,36.90760233918127
0616-ATFGB,0.5901894918173989,High,1,41.645478036175746
7273-TEFQD,0.7303248996187002,High,1,75.27797590848803
8245-UMPYT,0.8594142512077294,High,1,106.25942028985506
6022-UGGSO,0.43177221404025523,Medium,1,3.6253313696612537
6292-TOSSS,0.004656829565452823,Low,0,-98.88236090429132
5207-PLSTK,0.28793990171462164,Medium,0,-30.89442358849081
3908-BLSYF,0.6357690973970044,High,1,52.584583375281056
4317-VTEOA,0.4299282424090496,Medium,1,3.182778178171901
0625-AFOHS,0.01774415609361187,Low,0,-95.74140253753315
4667-OHGKG,0.23945483929331016,Medium,0,-42.530838569605564
2386-OWURY,0.34566996370881664,Medium,0,-17.039208709884008
3780-DDGSE,0.24208598734034975,Medium,0,-41.89936303831606
1047-RNXZV,0.0080466600739274,Low,0,-98.06880158225742
3926-YZVVX,0.0403041552538535,Low,0,-90.32700273907516
4742-TXUEX,0.004656829565452823,Low,0,-98.88236090429132
8709-KRDVL,0.6230976430976432,High,1,49.54343434343434
0397-ZXWQF,0.0,Low,0,-100.0
3910-MRQOY,0.0,Low,0,-100.0
2511-MORQY,0.03814453846405079,Low,0,-90.84531076862781
4039-PIMHX,0.026482338595737488,Low,0,-93.644238737023
8083-YTZES,0.7750779309788743,High,1,86.01870343492982
1346-PJWTK,0.12246827927979306,Low,0,-70.60761297284967
3750-YHRYO,0.061546074491469135,Low,0,-85.22894212204741
1236-WFCDV,0.5917153996101365,High,1,42.01169590643278
5949-HGVJL,0.3300426709722062,Medium,0,-20.78975896667052
9112-WSNPU,0.3528494508883038,Medium,0,-15.316131786807091
1360-JYXKQ,0.2483369759047993,Medium,0,-40.39912578284817
3585-ISXZP,0.65559953274239,High,1,57.34388785817359
8380-PEFPE,0.6425101590618832,High,1,54.20243817485198
9402-ROUMJ,0.08275769095829622,Low,0,-80.1381541700089
4335-UPJSI,0.024346522604499807,Low,0,-94.15683457492004
6096-EGVTU,0.0080466600739274,Low,0,-98.06880158225742
8988-ECPJR,0.3528494508883038,Medium,0,-15.316131786807091
7677-SJJJK,0.057996532867820604,Low,0,-86.08083211172305
5850-BDWCY,0.15764167093282722,Low,0,-62.165998976121465
2025-JKFWI,0.6230976430976432,High,1,49.54343434343434
8028-PNXHQ,0.0024096385542168677,Low,0,-99.42168674698796
8397-MVTAZ,0.662375478927203,High,1,58.97011494252874
4445-ZJNMU,0.7048433048433049,High,1,69.16239316239319
3125-RAHBV,0.0403041552538535,Low,0,-90.32700273907516
6682-QJDGB,0.07827545161025831,Low,0,-81.21389161353801
8840-DQLGN,0.32676464181182413,Medium,0,-21.576485965162206
6258-NGCNG,0.18712155166590488,Medium,0,-55.09082760018283
5917-RYRMG,0.030047013595094596,Low,0,-92.7887167371773
7157-SMCFK,0.0,Low,0,-100.0
0816-TSPHQ,0.17652815529245736,Low,0,-57.633242729810235
6766-HFKLA,0.08721592152383799,Low,0,-79.06817883427888
7067-KSAZT,0.3000611138358337,Medium,0,-27.985332679399903
5155-AZQPB,0.16942258396693716,Low,0,-59.33857984793509
6890-PFRQX,0.2203633437867203,Medium,0,-47.11279749118713
3508-VLHCZ,0.01774415609361187,Low,0,-95.74140253753315
3649-JPUGY,0.026482338595737488,Low,0,-93.644238737023
9248-OJYKK,0.8677475845410628,High,1,108.25942028985506
7239-HZZCX,0.19565798378724267,Medium,0,-53.042083891061765
9860-LISIZ,0.053175727300471556,Low,0,-87.23782544788682
6979-ZNSFF,0.7750779309788743,High,1,86.01870343492982
8938-UMKPI,0.5094054437353407,High,1,22.25730649648176
1820-DJFPH,0.0,Low,0,-100.0
0732-OCQOC,0.0080466600739274,Low,0,-98.06880158225742
6776-TLWOI,0.17652815529245736,Low,0,-57.633242729810235
4940-KHCWD,0.004656829565452823,Low,0,-98.88236090429132
9057-SIHCH,0.9826086956521738,High,1,135.82608695652172
9866-QEVEE,0.5932499206673013,High,1,42.379980960152324
5542-TBBWB,0.7375976268914274,High,1,77.02343045394258
4587-VVTOX,0.8842112597547379,High,1,112.21070234113708
6322-HRPFA,0.033256030745354395,Low,0,-92.01855262111495
6284-AHOOQ,0.500960476793358,Medium,1,20.230514430405904
4530-NDRKU,0.02788739680529188,Low,0,-93.30702476672995
1751-NCDLI,0.6230976430976432,High,1,49.54343434343434
3893-JRNFS,0.09613093961395569,Low,0,-76.92857449265064
5857-XRECV,0.06644771095615187,Low,0,-84.05254937052355
3115-CZMZD,0.046336104658962124,Low,0,-88.87933488184909
4489-SNOJF,0.10271386243825782,Low,0,-75.34867301481813
1051-GEJLJ,0.17652815529245736,Low,0,-57.633242729810235
3563-SVYLG,0.0024096385542168677,Low,0,-99.42168674698796
4301-VVZKA,0.662375478927203,High,1,58.97011494252874
9351-HXDMR,0.059540333042573,Low,0,-85.71032006978248
5161-XEUVX,0.09613093961395569,Low,0,-76.92857449265064
3088-FVYWK,0.0024096385542168677,Low,0,-99.42168674698796
9812-GHVRI,0.3528494508883038,Medium,0,-15.316131786807091
1370-GGAWX,0.30099482065189354,Medium,0,-27.761243043545562
6023-YEBUP,0.9826086956521738,High,1,135.82608695652172
9940-RHLFB,0.5917153996101365,High,1,42.01169590643278
4541-RMRLG,0.1965071346363935,Medium,0,-52.83828768726556
2606-RMDHZ,0.4299282424090496,Medium,1,3.182778178171901
5575-TPIZQ,0.30724060101532097,Medium,0,-26.262255756322972
9378-FXTIZ,0.09613093961395569,Low,0,-76.92857449265064
4631-OACRM,0.726589431732289,High,1,74.38146361574937
8593-WHYHV,0.8946279264214047,High,1,114.71070234113711
1403-GYAFU,0.0,Low,0,-100.0
7641-TQFHN,0.095744466184004,Low,0,-77.02132811583904
4237-CLSMM,0.186272400816754,Low,0,-55.29462380397904
4360-PNRQB,0.5204416585060564,High,1,24.90599804145353
5334-AFQJB,0.0024096385542168677,Low,0,-99.42168674698796
9308-ANMVE,0.09126222683596608,Low,0,-78.09706555936815
3530-VWVGU,0.07170941387440924,Low,0,-82.78974067014178
4674-HGNUA,0.013488836944675698,Low,0,-96.76267913327783
3030-YDNRM,0.7375976268914274,High,1,77.02343045394258
3642-BYHDO,0.0,Low,0,-100.0
0440-UEDAI,0.10070236818538428,Low,0,-75.83143163550777
9819-FBNSV,0.3423919345484345,Medium,0,-17.825935708375724
9289-LBQVU,0.04417648786915941,Low,0,-89.39764291140175
4468-YDOVK,0.24507883054139076,Medium,0,-41.181080670066216
2001-EWBQU,0.10489568062007601,Low,0,-74.82503665118176
9992-UJOEL,0.3528494508883038,Medium,0,-15.316131786807091
8409-WQJUX,0.2203633437867203,Medium,0,-47.11279749118713
3077-RSNTJ,0.10489568062007601,Low,0,-74.82503665118176
6993-YCOBK,0.095744466184004,Low,0,-77.02132811583904
4817-VYYWS,0.6425101590618832,High,1,54.20243817485198
4702-HDRKD,0.02788739680529188,Low,0,-93.30702476672995
3251-YMVWZ,0.024346522604499807,Low,0,-94.15683457492004
4190-MFLUW,0.1606563502007034,Low,0,-61.442475951831184
4678-DVQEO,0.3821827842216371,Medium,0,-8.276131786807099
4701-AHWMW,0.17758086064557138,Low,0,-57.38059344506287
2987-BJXIK,0.024346522604499807,Low,0,-94.15683457492004
1730-VFMWO,0.09613093961395569,Low,0,-76.92857449265064
1936-UAFEH,0.0403041552538535,Low,0,-90.32700273907516
5140-FOMCQ,0.15861968269089013,Low,0,-61.93127615418637
8778-LMWTJ,0.528445856910317,High,1,26.827005658476068
9840-DVNDC,0.631995067032661,High,1,51.67881608783861
8033-VCZGH,0.310518630175703,Medium,0,-25.475528757831285
8580-QVLOC,0.013905338804560591,Low,0,-96.66271868690546
6128-AQBMT,0.3821827842216371,Medium,0,-8.276131786807099
6257-RJOHI,0.3195851546323369,Medium,0,-23.29956288823915
1929-ZCBHE,0.03277590452398828,Low,0,-92.13378291424281
6242-SGYTS,0.09840351761067163,Low,0,-76.3831557734388
7010-ZMVBF,0.07890990091380463,Low,0,-81.06162378068689
3519-ZKXGG,0.7602631161640596,High,1,82.4631478793743
5666-MBJPT,0.004656829565452823,Low,0,-98.88236090429132
3313-QKNKB,0.21097776081623168,Medium,0,-49.3653374041044
7581-EBBOU,0.03814453846405079,Low,0,-90.84531076862781
1784-BXEFA,0.17652815529245736,Low,0,-57.633242729810235
7492-TAFJD,0.06456257060366966,Low,0,-84.50498305511928
5213-TWWJU,0.3528494508883038,Medium,0,-15.316131786807091
3312-ZWLGF,0.4698674521354933,Medium,1,12.768188512518392
2923-ARZLG,0.10288418636720245,Low,0,-75.30779527187141
7032-LMBHI,0.06196547160811396,Low,0,-85.12828681405264
8292-ITGYJ,0.013488836944675698,Low,0,-96.76267913327783
9107-UKCKY,0.10070236818538428,Low,0,-75.83143163550777
6848-HJTXY,0.0,Low,0,-100.0
4184-VODJZ,0.186272400816754,Low,0,-55.29462380397904
4846-WHAFZ,0.4951306100302301,Medium,1,18.83134640725524
8735-SDUFN,0.0,Low,0,-100.0
0839-JTCUD,0.01774415609361187,Low,0,-95.74140253753315
6857-VWJDT,0.7267562479029717,High,1,74.42149949671318
7363-QTBIW,0.7375976268914274,High,1,77.02343045394258
6158-HDPXZ,0.45627744875825593,Medium,1,9.50658770198143
5419-CONWX,0.6885470085470086,High,1,65.25128205128206
9286-DOJGF,0.36147752384627363,Medium,0,-13.24539427689433
2408-PSJVE,0.08232175692238639,Low,0,-80.24277833862726
2087-QAREY,0.2203633437867203,Medium,0,-47.11279749118713
6777-TGHTM,0.21951419293756946,Medium,0,-47.31659369498333
6507-ZJSUR,0.7471809602247608,High,1,79.32343045394259
5025-GOOKI,0.10288418636720245,Low,0,-75.30779527187141
6080-LNESI,0.0080466600739274,Low,0,-98.06880158225742
2236-HILPA,0.0,Low,0,-100.0
1386-ZIKUV,0.1965071346363935,Medium,0,-52.83828768726556
3365-SAIGS,0.6153914814658494,High,1,47.69395555180387
6061-GWWAV,0.03814453846405079,Low,0,-90.84531076862781
9979-RGMZT,0.43177221404025523,Medium,1,3.6253313696612537
8445-DNBAE,0.49059452755600336,Medium,1,17.74268661344081
6872-HXFNF,0.026482338595737488,Low,0,-93.644238737023
1320-HTRDR,0.7602631161640596,High,1,82.4631478793743
3923-CSIHK,0.34566996370881664,Medium,0,-17.039208709884008
2446-ZKVAF,0.2203633437867203,Medium,0,-47.11279749118713
4640-UHDOS,0.3205188614483967,Medium,0,-23.075473252384796
5457-COLHT,0.010099006436201121,Low,0,-97.57623845531172
2254-DLXRI,0.6388305053822296,High,1,53.31932129173512
5339-PXDVH,0.6353162934959247,High,1,52.4759104390219
2386-LAHRK,0.46764522991327107,Medium,1,12.234855179185061
5062-CJJKH,0.0681121122273182,Low,0,-83.65309306544364
8930-XOTDP,0.2203633437867203,Medium,0,-47.11279749118713
4779-ZGICK,0.0080466600739274,Low,0,-98.06880158225742
9534-NSXEM,0.053175727300471556,Low,0,-87.23782544788682
3716-BDVDB,0.7375976268914274,High,1,77.02343045394258
9842-EFSYY,0.42116633764714484,Medium,1,1.0799210353147544
9122-UMROB,0.186272400816754,Low,0,-55.29462380397904
1867-BDVFH,0.6230976430976432,High,1,49.54343434343434
5949-EBSQK,0.2203633437867203,Medium,0,-47.11279749118713
4160-AMJTL,0.1965071346363935,Medium,0,-52.83828768726556
8622-ZLFKO,0.7742774921052314,High,1,85.82659810525556
2990-IAJSV,0.013628814925223947,Low,0,-96.72908441794625
6064-ZATLR,0.026482338595737488,Low,0,-93.644238737023
7409-KIUTL,0.6742661994090565,High,1,61.82388785817358
5505-OVWQW,0.057577135751175776,Low,0,-86.18148741971781
3948-KXDUF,0.004656829565452823,Low,0,-98.88236090429132
9814-AOUDH,0.004656829565452823,Low,0,-98.88236090429132
7398-LXGYX,0.25994766568450317,Medium,0,-37.612560235719236
5266-PFRQK,0.01774415609361187,Low,0,-95.74140253753315
1568-BEKZM,0.024346522604499807,Low,0,-94.15683457492004
2692-PFYTJ,0.29053730431202424,Medium,0,-30.271046965114195
2533-QVMSK,0.09164870026591779,Low,0,-78.00431193617973
5828-AVIPD,0.4051408934707904,Medium,0,-2.766185567010311
2907-ILJBN,0.057577135751175776,Low,0,-86.18148741971781
5226-NOZFC,0.521687552213868,High,1,25.20501253132832
7114-AEOZE,0.0,Low,0,-100.0
2202-CUYXZ,0.7750779309788743,High,1,86.01870343492982
3466-RITXD,0.37396358850625133,Medium,0,-10.248738758499684
7278-CKDNC,0.6135228251507321,High,1,47.24547803617568
1956-YIFGE,0.3000611138358337,Medium,0,-27.985332679399903
0422-UXFAP,0.3821827842216371,Medium,0,-8.276131786807099
3733-UOCWF,0.10070236818538428,Low,0,-75.83143163550777
7191-ADRGF,0.046588496684272326,Low,0,-88.81876079577464
5709-LVOEQ,0.0786948487269031,Low,0,-81.11323630554325
6034-YMTOB,0.46764522991327107,Medium,1,12.234855179185061
6372-RFVNS,0.6754648526077098,High,1,62.11156462585035
9052-DHNKM,0.09613093961395569,Low,0,-76.92857449265064
5609-IMCGG,0.43840803295069586,Medium,1,5.217927908166999
2959-MJHIC,0.7595686717196152,High,1,82.29648121270762
1319-YLZJG,0.45627744875825593,Medium,1,9.50658770198143
7623-TRNQN,0.28793990171462164,Medium,0,-30.89442358849081
0377-JBKKT,0.09613093961395569,Low,0,-76.92857449265064
1936-CZAKF,0.043168558118256366,Low,0,-89.63954605161847
5063-IUOKK,0.02788739680529188,Low,0,-93.30702476672995
8646-JCOMS,0.08939931029716326,Low,0,-78.54416552868082
0979-MOZQI,0.026482338595737488,Low,0,-93.644238737023
1525-LNLOJ,0.026482338595737488,Low,0,-93.644238737023
5759-RCVCB,0.4895926956383428,Medium,1,17.50224695320226
9968-FFVVH,0.01774415609361187,Low,0,-95.74140253753315
2266-FUBDZ,0.025751580814054202,Low,0,-93.81962060462699
4760-THGOT,0.3821827842216371,Medium,0,-8.276131786807099
2307-FYNNL,0.10070236818538428,Low,0,-75.83143163550777
1143-NMNQJ,0.8946279264214047,High,1,114.71070234113711
1629-DQQVB,0.186272400816754,Low,0,-55.29462380397904
3766-EJLFL,0.053175727300471556,Low,0,-87.23782544788682
8457-XIGKN,0.10288418636720245,Low,0,-75.30779527187141
4981-FLTMF,0.033256030745354395,Low,0,-92.01855262111495
7606-BPHHN,0.0,Low,0,-100.0
7005-CCBKV,0.7138698101143157,High,1,71.32875442743577
4648-YPBTM,0.03814453846405079,Low,0,-90.84531076862781
2325-ZUSFD,0.04347170179455926,Low,0,-89.56679156930578
1240-KNSEZ,0.23318524681682112,Medium,0,-44.035540763962935
0430-IHCDJ,0.43177221404025523,Medium,1,3.6253313696612537
7957-RYHQD,0.2296257794642503,Medium,0,-44.88981292857993
6164-HAQTX,0.004656829565452823,Low,0,-98.88236090429132
0749-IRGQE,0.5917153996101365,High,1,42.01169590643278
1227-UDMZR,0.024346522604499807,Low,0,-94.15683457492004
5473-KHBPS,0.14992814251970746,Low,0,-64.01724579527021
5297-MDOIR,0.06904480995170756,Low,0,-83.42924561159019
8873-TMKGR,0.02788739680529188,Low,0,-93.30702476672995
6481-ESCNL,0.46764522991327107,Medium,1,12.234855179185061
0463-WZZKO,0.19865082698828362,Medium,0,-52.323801522811934
1038-RQOST,0.07890990091380463,Low,0,-81.06162378068689
4937-QPZPO,0.28167030923813263,Medium,0,-32.399125782848174
3604-WLABM,0.28167030923813263,Medium,0,-32.399125782848174
1360-XFJMR,0.12010071820571669,Low,0,-71.17582763062799
8717-VCTXJ,0.02788739680529188,Low,0,-93.30702476672995
5196-SGOAK,0.6717851989280561,High,1,61.228447742733465
8739-XNIKG,0.8489975845410628,High,1,103.75942028985509
2320-TZRRH,0.05031132443606869,Low,0,-87.92528213534351
5186-SAMNZ,0.6519198790627363,High,1,56.460770975056704
5760-FXFVO,0.508445856910317,High,1,22.027005658476057
5380-WJKOV,0.6194179894179894,High,1,48.66031746031746
4703-MQYKT,0.024346522604499807,Low,0,-94.15683457492004
2001-MCUUW,0.10909259407748247,Low,0,-73.8177774214042
4947-DSMXK,0.4412960235640647,Medium,1,5.911045655375517
0076-LVEPS,0.10070236818538428,Low,0,-75.83143163550777
5566-SOEZD,0.12059980408282016,Low,0,-71.05604702012316
7408-OFWXJ,0.013488836944675698,Low,0,-96.76267913327783
1097-FSPVW,0.0681121122273182,Low,0,-83.65309306544364
4412-YLTKF,0.6089111668059037,High,1,46.138680033416904
0420-TXVSG,0.01774415609361187,Low,0,-95.74140253753315
7817-BOQPW,0.7895131161640595,High,1,89.48314787937429
0963-ZBDRN,0.49025200458190155,Medium,1,17.660481099656366
9685-WKZGT,0.7219125262503816,High,1,73.25900630009158
2139-FQHLM,0.3528494508883038,Medium,0,-15.316131786807091
5825-XJOCM,0.03814453846405079,Low,0,-90.84531076862781
0004-TLHLJ,0.6941315192743763,High,1,66.59156462585031
7529-ZDFXI,0.4183822363203807,Medium,0,0.4117367168913688
6848-YLDFR,0.043168558118256366,Low,0,-89.63954605161847
5820-PTRYM,0.03277590452398828,Low,0,-92.13378291424281
2984-RGEYA,0.0,Low,0,-100.0
6434-TTGJP,0.057577135751175776,Low,0,-86.18148741971781
9643-AVVWI,0.46764522991327107,Medium,1,12.234855179185061
3506-OVLKD,0.02788739680529188,Low,0,-93.30702476672995
4946-EDSEW,0.12333408014559392,Low,0,-70.39982076505746
2924-KHUVI,0.2513484230178798,Medium,0,-39.67637847570885
2263-SFSQZ,0.013488836944675698,Low,0,-96.76267913327783
5281-BUZGT,0.46764522991327107,Medium,1,12.234855179185061
3717-FDJFU,0.03541564753515711,Low,0,-91.50024459156229
2239-CFOUJ,0.08317708807494104,Low,0,-80.03749886201416
8699-ASUFO,0.7014042465471035,High,1,68.33701917130483
1122-YJBCS,0.026482338595737488,Low,0,-93.644238737023
0628-CNQRM,0.07618701173630751,Low,0,-81.7151171832862
1705-GUHPV,0.0024096385542168677,Low,0,-99.42168674698796
4877-TSOFF,0.03814453846405079,Low,0,-90.84531076862781
7404-JLKQG,0.43177221404025523,Medium,1,3.6253313696612537
0379-DJQHR,0.013488836944675698,Low,0,-96.76267913327783
8993-PHFWD,0.5305901064229877,High,1,27.34162554151702
3930-ZGWVE,0.19565798378724267,Medium,0,-53.042083891061765
1965-DDBWU,0.5105945275560033,High,1,22.542686613440793
7572-KPVKK,0.09814243386682926,Low,0,-76.44581587196097
6854-EXGSF,0.23222318206165288,Medium,0,-44.266436305203314
9483-GCPWE,0.061546074491469135,Low,0,-85.22894212204741
8053-WWDRO,0.14018389699541078,Low,0,-66.35586472110141
9473-CBZOP,0.08689147330656766,Low,0,-79.14604640642376
3985-HOYPM,0.0403041552538535,Low,0,-90.32700273907516
8378-LKJAF,0.46764522991327107,Medium,1,12.234855179185061
1310-QRITU,0.3821827842216371,Medium,0,-8.276131786807099
3237-AJGEH,0.3528494508883038,Medium,0,-15.316131786807091
6542-LWGXJ,0.45627744875825593,Medium,1,9.50658770198143
6953-PBDIN,0.01774415609361187,Low,0,-95.74140253753315
6332-FBZRI,0.01774415609361187,Low,0,-95.74140253753315
9365-CSLBQ,0.0,Low,0,-100.0
3466-WAESX,0.3205188614483967,Medium,0,-23.075473252384796
9700-ISPUP,0.3179214588509941,Medium,0,-23.698849875761425
5167-ZFFMM,0.6917611489040061,High,1,66.02267573696145
7669-LCRSD,0.3195851546323369,Medium,0,-23.29956288823915
0870-VEMYL,0.17750616705052025,Low,0,-57.39851990787514
2995-UPRYS,0.2296257794642503,Medium,0,-44.88981292857993
3179-GBRWV,0.2233561869877613,Medium,0,-46.394515122937285
0701-TJSEF,0.2203633437867203,Medium,0,-47.11279749118713
1848-LBZHY,0.2369253603697004,Medium,0,-43.13791351127191
5380-XPJNZ,0.024346522604499807,Low,0,-94.15683457492004
6608-QQLVK,0.4729083878080079,Medium,1,13.498013073921882
1475-VWVDO,0.6586958252475494,High,1,58.086998059411854
3721-CNEYS,0.6941315192743763,High,1,66.59156462585031
4299-OPXEJ,0.004656829565452823,Low,0,-98.88236090429132
0096-BXERS,0.4299282424090496,Medium,1,3.182778178171901
3055-VTCGS,0.03277590452398828,Low,0,-92.13378291424281
9405-GPBBG,0.095744466184004,Low,0,-77.02132811583904
6704-UTUKK,0.4465591814588016,Medium,1,7.174203550112381
9944-AEXBM,0.46764522991327107,Medium,1,12.234855179185061
2545-EBUPK,0.9826086956521738,High,1,135.82608695652172
6270-OMFIW,0.2233561869877613,Medium,0,-46.394515122937285
1852-XEMDW,0.12333408014559392,Low,0,-70.39982076505746
8158-WPEZG,0.42116633764714484,Medium,1,1.0799210353147544
5198-EFNBM,0.2233561869877613,Medium,0,-46.394515122937285
7663-RGWBC,0.4259282424090496,Medium,1,2.222778178171893
3970-XGJDU,0.0024096385542168677,Low,0,-99.42168674698796
6845-RGTYS,0.3528494508883038,Medium,0,-15.316131786807091
0123-CRBRT,0.01774415609361187,Low,0,-95.74140253753315
6077-BDPXA,0.6941315192743763,High,1,66.59156462585031
2250-IVBWA,0.09613093961395569,Low,0,-76.92857449265064
6137-NICCO,0.5932499206673013,High,1,42.379980960152324
8129-GMVGI,0.0006726868840626922,Low,0,-99.83855514782495
4353-HYOJD,0.10070236818538428,Low,0,-75.83143163550777
8671-KKKOS,0.1182859344509903,Low,0,-71.61137573176234
8080-DDEMJ,0.4581214203894616,Medium,1,9.94914089347077
6698-OXETB,0.03541564753515711,Low,0,-91.50024459156229
3312-UUMZW,0.5427206906154275,High,1,30.252965747702603
6376-GAHQE,0.65559953274239,High,1,57.34388785817359
0733-VUNUW,0.19604871561311188,Medium,0,-52.94830825285315
6733-LRIZX,0.18712155166590488,Medium,0,-55.09082760018283
2165-VOEGB,0.10070236818538428,Low,0,-75.83143163550777
1853-UDXBW,0.662375478927203,High,1,58.97011494252874
9070-BCKQP,0.057577135751175776,Low,0,-86.18148741971781
1035-IPQPU,0.46764522991327107,Medium,1,12.234855179185061
2057-ZBLPD,0.6503632070553615,High,1,56.08716969328677
6967-PEJLL,0.0743343344495404,Low,0,-82.1597597321103
7879-CGSFV,0.12594241092729933,Low,0,-69.77382137744817
2257-BOVXD,0.3372221581516934,Medium,0,-19.0666820435936
9822-BIIGN,0.08679652440719317,Low,0,-79.16883414227364
1136-XGEQU,0.0743343344495404,Low,0,-82.1597597321103
2439-LYPMQ,0.662375478927203,High,1,58.97011494252874
6543-XRMYR,0.7025311072632793,High,1,68.60746574318702
5753-QQWPW,0.06974128476414417,Low,0,-83.2620916566054
4785-QRJHC,0.1037499872330033,Low,0,-75.1000030640792
0052-YNYOT,0.0080466600739274,Low,0,-98.06880158225742
7054-LGEQW,0.3300426709722062,Medium,0,-20.78975896667052
0608-JDVEC,0.013488836944675698,Low,0,-96.76267913327783
6284-KMNUF,0.24507883054139076,Medium,0,-41.181080670066216
6286-SUUWT,0.19565798378724267,Medium,0,-53.042083891061765
3594-KADLU,0.29053730431202424,Medium,0,-30.271046965114195
0536-ACXIP,0.09613093961395569,Low,0,-76.92857449265064
8869-TORSS,0.03277590452398828,Low,0,-92.13378291424281
0373-AIVNJ,0.13034404960711682,Low,0,-68.71742809429196
6429-SHBCB,0.3528494508883038,Medium,0,-15.316131786807091
5751-USDBL,0.024346522604499807,Low,0,-94.15683457492004
6815-ABQFQ,0.24507883054139076,Medium,0,-41.181080670066216
9450-TRJUU,0.46764522991327107,Medium,1,12.234855179185061
2805-AUFQN,0.024346522604499807,Low,0,-94.15683457492004
7855-DIWPO,0.5340013057128059,High,1,28.160313371073414
0174-QRVVY,0.0,Low,0,-100.0
9507-EXLTT,0.65559953274239,High,1,57.34388785817359
8390-FESFV,0.026482338595737488,Low,0,-93.644238737023
0661-KBKPA,0.08679652440719317,Low,0,-79.16883414227364
6856-RAURS,0.6732054301857835,High,1,61.56930324458801
7322-OCWHC,0.033256030745354395,Low,0,-92.01855262111495
2203-GHNWN,0.4698674521354933,Medium,1,12.768188512518392
3413-CSSTH,0.17758086064557138,Low,0,-57.38059344506287
3006-XIMLN,0.7403660321160321,High,1,77.68784770784771
3750-CKVKH,0.7375976268914274,High,1,77.02343045394258
0576-WNXXC,0.642962962962963,High,1,54.3111111111111
7056-IMHCC,0.5756530214424952,High,1,38.15672514619882
0866-QLSIR,0.057577135751175776,Low,0,-86.18148741971781
1628-BIZYP,0.7595686717196152,High,1,82.29648121270762
2230-XTUWL,0.0024096385542168677,Low,0,-99.42168674698796
1980-KXVPM,0.6941315192743763,High,1,66.59156462585031
8619-IJNDK,0.0024096385542168677,Low,0,-99.42168674698796
2960-NKRSO,0.3528494508883038,Medium,0,-15.316131786807091
6705-LXORM,0.6353162934959247,High,1,52.4759104390219
7130-VTEWQ,0.7895131161640595,High,1,89.48314787937429
9364-YKUVW,0.14895013076164457,Low,0,-64.2519686172053
2761-OCIAX,0.7235099715099714,High,1,73.64239316239315
7996-BPXHY,0.046336104658962124,Low,0,-88.87933488184909
4248-QPAVC,0.4581214203894616,Medium,1,9.94914089347077
9357-UJRUN,0.10070236818538428,Low,0,-75.83143163550777
6340-DACFT,0.0024096385542168677,Low,0,-99.42168674698796
1023-BQXZE,0.02788739680529188,Low,0,-93.30702476672995
5480-HPRRX,0.5593873572820941,High,1,34.252965747702575
9576-SYUHJ,0.4412960235640647,Medium,1,5.911045655375517
2169-RRLFW,0.0,Low,0,-100.0
8338-QIUNR,0.0024096385542168677,Low,0,-99.42168674698796
0463-TXOAK,0.004656829565452823,Low,0,-98.88236090429132
4396-KLSEH,0.3000611138358337,Medium,0,-27.985332679399903
5186-EJEGL,0.23318524681682112,Medium,0,-44.035540763962935
9334-GWGOW,0.8043279309788745,High,1,93.03870343492986
5696-JVVQY,0.026482338595737488,Low,0,-93.644238737023
9633-DENPU,0.10708109982460892,Low,0,-74.30053604209387
0581-BXBUB,0.6153914814658494,High,1,47.69395555180387
2750-BJLSB,0.186272400816754,Low,0,-55.29462380397904
2770-NSVDG,0.310518630175703,Medium,0,-25.475528757831285
8280-MQRQN,0.3821827842216371,Medium,0,-8.276131786807099
7851-FLGGQ,0.46764522991327107,Medium,1,12.234855179185061
9374-YOLBJ,0.1965071346363935,Medium,0,-52.83828768726556
6583-SZVGP,0.15907038135504092,Low,0,-61.823108474790175
2150-OEGBV,0.030047013595094596,Low,0,-92.7887167371773
9372-TXXPS,0.004656829565452823,Low,0,-98.88236090429132
6933-FHBZC,0.10070236818538428,Low,0,-75.83143163550777
4698-KVLLG,0.004656829565452823,Low,0,-98.88236090429132
8752-STIVR,0.7602631161640596,High,1,82.4631478793743
8623-ULFNQ,0.34566996370881664,Medium,0,-17.039208709884008
9822-WMWVG,0.3195851546323369,Medium,0,-23.29956288823915
4304-TSPVK,0.046336104658962124,Low,0,-88.87933488184909
1716-LSAMB,0.013488836944675698,Low,0,-96.76267913327783
3523-QRQLL,0.155140482248508,Low,0,-62.766284260358084
2187-PKZAY,0.5959789655016093,High,1,43.03495172038623
1895-QTKDO,0.3176981173551902,Medium,0,-23.752451834754353
8161-QYMTT,0.9826086956521738,High,1,135.82608695652172
2955-PSXOE,0.2057695703139235,Medium,0,-50.61530312465836
6834-NXDCA,0.4772748595429007,Medium,1,14.545966290296164
8701-DGLVH,0.004656829565452823,Low,0,-98.88236090429132
2480-SQIOB,0.34566996370881664,Medium,0,-17.039208709884008
4993-JCRGJ,0.3528494508883038,Medium,0,-15.316131786807091
0581-MDMPW,0.5305901064229877,High,1,27.34162554151702
7789-CRUVC,0.12333408014559392,Low,0,-70.39982076505746
0164-APGRB,0.08162426251100094,Low,0,-80.41017699735977
8034-RYTVV,0.10070236818538428,Low,0,-75.83143163550777
3018-TFTSU,0.30724060101532097,Medium,0,-26.262255756322972
9777-IQHWP,0.03814453846405079,Low,0,-90.84531076862781
6899-PPEEA,0.6497828863346105,High,1,55.94789272030653
6701-YVNQG,0.024346522604499807,Low,0,-94.15683457492004
7649-PHJVR,0.06196547160811396,Low,0,-85.12828681405264
9278-VZKCD,0.4412960235640647,Medium,1,5.911045655375517
7636-PEPNS,0.03277590452398828,Low,0,-92.13378291424281
1575-KRZZE,0.24531038725412127,Medium,0,-41.1255070590109
8590-OHDIW,0.024346522604499807,Low,0,-94.15683457492004
7764-BDPEE,0.12333408014559392,Low,0,-70.39982076505746
9480-BQJEI,0.10288418636720245,Low,0,-75.30779527187141
3354-OADJP,0.08317708807494104,Low,0,-80.03749886201416
3181-MIZBN,0.10109101260853723,Low,0,-75.73815697395106
9327-QSDED,0.29053730431202424,Medium,0,-30.271046965114195
4892-VLANZ,0.19565798378724267,Medium,0,-53.042083891061765
0298-XACET,0.024346522604499807,Low,0,-94.15683457492004
6917-FIJHC,0.0024096385542168677,Low,0,-99.42168674698796
6557-BZXLQ,0.528445856910317,High,1,26.827005658476068
2432-TFSMK,0.390810857179607,Medium,0,-6.205394276894324
4211-MMAZN,0.186272400816754,Low,0,-55.29462380397904
4751-ERMAN,0.024346522604499807,Low,0,-94.15683457492004
8430-TWCBX,0.01774415609361187,Low,0,-95.74140253753315
1942-OQFRW,0.4299282424090496,Medium,1,3.182778178171901
4075-JFPGR,0.135686656451596,Low,0,-67.43520245161696
3339-EAQNV,0.21951419293756946,Medium,0,-47.31659369498333
5329-KRDTM,0.01774415609361187,Low,0,-95.74140253753315
0307-BCOPK,0.057577135751175776,Low,0,-86.18148741971781
6473-ULUHT,0.24208598734034975,Medium,0,-41.89936303831606
1194-SPVSP,0.18591373826294597,Low,0,-55.38070281689297
7249-WBIYX,0.7750779309788743,High,1,86.01870343492982
2293-IJWPS,0.2662172581609922,Medium,0,-36.10785804136189
4377-VDHYI,0.2203633437867203,Medium,0,-47.11279749118713
0019-EFAEP,0.043168558118256366,Low,0,-89.63954605161847
2480-EJWYP,0.24205224189071273,Medium,0,-41.90746194622895
8970-ANWXO,0.21097776081623168,Medium,0,-49.3653374041044
8739-WWKDU,0.65559953274239,High,1,57.34388785817359
2171-UDMFD,0.061546074491469135,Low,0,-85.22894212204741
7036-TYDEC,0.0916981608718759,Low,0,-77.99244139074978
3831-YCPUO,0.033256030745354395,Low,0,-92.01855262111495
0121-SNYRK,0.03814453846405079,Low,0,-90.84531076862781
3325-FUYCG,0.2525311675690095,Medium,0,-39.39251978343772
1952-DVVSW,0.06644771095615187,Low,0,-84.05254937052355
3571-DPYUH,0.10070236818538428,Low,0,-75.83143163550777
2077-MPJQO,0.8043279309788745,High,1,93.03870343492986
2391-SOORI,0.28167030923813263,Medium,0,-32.399125782848174
4086-ATNFV,0.043168558118256366,Low,0,-89.63954605161847
3396-DKDEL,0.046336104658962124,Low,0,-88.87933488184909
7471-MQPOS,0.03814453846405079,Low,0,-90.84531076862781
7181-OQCUT,0.46764522991327107,Medium,1,12.234855179185061
3489-VSFRD,0.026482338595737488,Low,0,-93.644238737023
6283-GITPX,0.004656829565452823,Low,0,-98.88236090429132
2845-HSJCY,0.7050957372466806,High,1,69.22297693920333
7216-KAOID,0.024346522604499807,Low,0,-94.15683457492004
6680-WKXRZ,0.5572431077694235,High,1,33.73834586466165
2346-LOCWC,0.0,Low,0,-100.0
0769-MURVM,0.010099006436201121,Low,0,-97.57623845531172
3374-LXDEV,0.43177221404025523,Medium,1,3.6253313696612537
5318-YKDPV,0.02788739680529188,Low,0,-93.30702476672995
8190-ZTQFB,0.2203633437867203,Medium,0,-47.11279749118713
4512-ZUIYL,0.5031826990155801,High,1,20.763847763739236
3090-QFUVD,0.18591373826294597,Low,0,-55.38070281689297
4806-KEXQR,0.7750779309788743,High,1,86.01870343492982
2369-FEVNO,0.23815760239738526,Medium,0,-42.84217542462754
9637-CDTKZ,0.053175727300471556,Low,0,-87.23782544788682
2954-PIBKO,0.0024096385542168677,Low,0,-99.42168674698796
2212-LYASK,0.14791664826683387,Low,0,-64.50000441595986
9481-SFCQY,0.3000611138358337,Medium,0,-27.985332679399903
2828-SLQPF,0.24205224189071273,Medium,0,-41.90746194622895
4647-MUZON,0.585925925925926,High,1,40.622222222222234
8212-DJRCH,0.46764522991327107,Medium,1,12.234855179185061
0516-OOHAR,0.22250703613861042,Medium,0,-46.5983113267335
4973-RLZVI,0.0403041552538535,Low,0,-90.32700273907516
8089-UZWLX,0.08547593864965368,Low,0,-79.48577472408311
9732-KPKBW,0.3300426709722062,Medium,0,-20.78975896667052
9715-WZCLW,0.09613093961395569,Low,0,-76.92857449265064
0257-KXZGU,0.10070236818538428,Low,0,-75.83143163550777
0707-HOVVN,0.024346522604499807,Low,0,-94.15683457492004
5501-TVMGM,0.5874604469830909,High,1,40.99050727594181
3422-LYEPQ,0.6425101590618832,High,1,54.20243817485198
2277-VWCNI,0.3576113556502086,Medium,0,-14.173274643949938
5461-QKNTN,0.43253411880216,Medium,1,3.8081885125183845
3967-KXAPS,0.01774415609361187,Low,0,-95.74140253753315
6919-ELBGL,0.046336104658962124,Low,0,-88.87933488184909
8361-LTMKD,0.7177005428433999,High,1,72.24813028241596
1131-ALZWV,0.05031132443606869,Low,0,-87.92528213534351
5178-LMXOP,1.0,High,1,140.0
8992-CEUEN,0.24271298465671864,Medium,0,-41.74888368238753
3320-VEOYC,0.9273706004140786,High,1,122.56894409937885
3672-YITQD,0.6203685982633351,High,1,48.88846358320043
6080-TCMYC,0.3946688488816148,Medium,0,-5.279476268412452
6734-FQAJX,0.07375234205112031,Low,0,-82.29943790773112
1063-DHQJF,0.033256030745354395,Low,0,-92.01855262111495
3976-NLDEZ,0.186272400816754,Low,0,-55.29462380397904
1729-VLAZJ,0.08939931029716326,Low,0,-78.54416552868082
3400-ESFUW,0.004656829565452823,Low,0,-98.88236090429132
5271-YNWVR,0.07827545161025831,Low,0,-81.21389161353801
1587-FKLZB,0.34566996370881664,Medium,0,-17.039208709884008
0958-YHXGP,0.583196881091618,High,1,39.967251461988326
1494-EJZDW,0.02788739680529188,Low,0,-93.30702476672995
1816-FLZDK,0.3528494508883038,Medium,0,-15.316131786807091
2075-PUEPR,0.0024096385542168677,Low,0,-99.42168674698796
1833-TCXKK,0.4270103092783505,Medium,1,2.482474226804115
1436-ZMJAN,0.4299282424090496,Medium,1,3.182778178171901
0106-UGRDO,0.095744466184004,Low,0,-77.02132811583904
1069-XAIEM,0.9826086956521738,High,1,135.82608695652172
4213-HKBJO,0.024346522604499807,Low,0,-94.15683457492004
8345-MVDYC,0.024346522604499807,Low,0,-94.15683457492004
2672-OJQZP,0.3300426709722062,Medium,0,-20.78975896667052
5136-RGMZO,0.2513484230178798,Medium,0,-39.67637847570885
5774-QPLTF,0.01774415609361187,Low,0,-95.74140253753315
5240-CAOYT,0.10909259407748247,Low,0,-73.8177774214042
3707-GNWHM,0.7104278155706727,High,1,70.50267573696146
5159-YFPKQ,0.6941315192743763,High,1,66.59156462585031
5052-PNLOS,0.7121160321160321,High,1,70.90784770784771
6173-GOLSU,0.3528494508883038,Medium,0,-15.316131786807091
6661-HBGWL,0.46764522991327107,Medium,1,12.234855179185061
8207-VVMYB,0.0024096385542168677,Low,0,-99.42168674698796
5324-KTGCG,0.004656829565452823,Low,0,-98.88236090429132
7354-OIJLX,0.7375976268914274,High,1,77.02343045394258
9286-BHDQG,0.0024096385542168677,Low,0,-99.42168674698796
3567-PQTSO,0.29053730431202424,Medium,0,-30.271046965114195
3197-ARFOY,0.37580756013745703,Medium,0,-9.806185567010317
5698-BQJOH,0.7602631161640596,High,1,82.4631478793743
1090-ESELR,0.024346522604499807,Low,0,-94.15683457492004
0056-EPFBG,0.050008180759765805,Low,0,-87.99803661765621
4955-VCWBI,0.01774415609361187,Low,0,-95.74140253753315
4717-GHADL,0.046336104658962124,Low,0,-88.87933488184909
0058-EVZWM,0.25394582561528234,Medium,0,-39.05300185233224
7218-HKQFK,0.7689650280675844,High,1,84.55160673622024
5057-RKGLH,0.02788739680529188,Low,0,-93.30702476672995
2309-OSFEU,0.512738777068674,High,1,23.057306496481743
3429-IFLEM,0.004656829565452823,Low,0,-98.88236090429132
1550-LOAHA,0.30724060101532097,Medium,0,-26.262255756322972
1400-MMYXY,0.9826086956521738,High,1,135.82608695652172
7503-QQRVF,0.4914366672695484,Medium,1,17.944800144691598
7504-UWHNB,0.40329692183958465,Medium,0,-3.208738758499692
9565-JSNFM,0.19565798378724267,Medium,0,-53.042083891061765
4735-BJKOU,0.013488836944675698,Low,0,-96.76267913327783
3580-GICBM,0.0024096385542168677,Low,0,-99.42168674698796
7632-YUTXB,0.02788739680529188,Low,0,-93.30702476672995
9412-ARGBX,0.053175727300471556,Low,0,-87.23782544788682
9576-ANLXO,0.585925925925926,High,1,40.622222222222234
1110-KYLGQ,0.2203633437867203,Medium,0,-47.11279749118713
8696-JKZNU,0.4698674521354933,Medium,1,12.768188512518392
8757-TFHHJ,0.30724060101532097,Medium,0,-26.262255756322972
2955-BJZHG,0.46764522991327107,Medium,1,12.234855179185061
9048-JVYVF,0.5050389720004478,High,1,21.209353280107464
0682-USIXD,0.4729083878080079,Medium,1,13.498013073921882
3884-UEBXB,0.004656829565452823,Low,0,-98.88236090429132
1776-SPBWV,0.02788739680529188,Low,0,-93.30702476672995
9050-QLROH,0.5874604469830909,High,1,40.99050727594181
2925-VDZHY,0.013488836944675698,Low,0,-96.76267913327783
9512-UIBFX,0.46764522991327107,Medium,1,12.234855179185061
8676-TRMJS,0.5889863547758285,High,1,41.35672514619884
3334-CTHOL,0.4581214203894616,Medium,1,9.94914089347077
6331-LWDTQ,0.46764522991327107,Medium,1,12.234855179185061
3847-BAERP,0.17652815529245736,Low,0,-57.633242729810235
4709-LKHYG,0.03277590452398828,Low,0,-92.13378291424281
8621-MNIHH,0.6082153938811642,High,1,45.971694531479415
8884-ADFVN,0.9826086956521738,High,1,135.82608695652172
2885-HIJDH,0.01774415609361187,Low,0,-95.74140253753315
8570-KLJYJ,0.057577135751175776,Low,0,-86.18148741971781
9339-FIIJL,0.024346522604499807,Low,0,-94.15683457492004
6223-DHJGV,0.02788739680529188,Low,0,-93.30702476672995
0959-WHOKV,0.2233561869877613,Medium,0,-46.394515122937285
9610-WCESF,0.024346522604499807,Low,0,-94.15683457492004
9279-CJEOJ,0.6628722600151172,High,1,59.08934240362814
2985-FMWYF,0.7602631161640596,High,1,82.4631478793743
3540-RZJYU,0.4277722140402552,Medium,1,2.6653313696612457
2522-WLNSF,0.07620519310001501,Low,0,-81.7107536559964
6861-XWTWQ,0.9826086956521738,High,1,135.82608695652172
8735-NBLWT,0.10070236818538428,Low,0,-75.83143163550777
1744-JHKYS,0.09400129652501904,Low,0,-77.43968883399543
0841-NULXI,0.7303248996187002,High,1,75.27797590848803
4016-BJKTZ,0.1965071346363935,Medium,0,-52.83828768726556
9298-WGMRW,0.046336104658962124,Low,0,-88.87933488184909
7893-IXHRQ,0.23945483929331016,Medium,0,-42.530838569605564
8785-CJSHH,0.43653411880216,Medium,1,4.7681885125183925
7654-YWJUF,0.08978578372711496,Low,0,-78.4514119054924
8909-BOLNL,0.0916981608718759,Low,0,-77.99244139074978
9919-FZDED,0.026482338595737488,Low,0,-93.644238737023
0322-CHQRU,0.40329692183958465,Medium,0,-3.208738758499692
3587-PMCOY,0.4581214203894616,Medium,1,9.94914089347077
0655-RBDUG,0.7750779309788743,High,1,86.01870343492982
0983-TATYJ,0.07726954351001791,Low,0,-81.4553095575957
5650-YLIBA,0.46764522991327107,Medium,1,12.234855179185061
5144-TVGLP,0.6125908204855575,High,1,47.02179691653379
3569-EDBPQ,0.3528494508883038,Medium,0,-15.316131786807091
4945-RVMTE,0.2296257794642503,Medium,0,-44.88981292857993
3511-BFTJW,0.0024096385542168677,Low,0,-99.42168674698796
5537-UXXVS,0.0916981608718759,Low,0,-77.99244139074978
8782-NUUOL,0.03277590452398828,Low,0,-92.13378291424281
2865-TCHJW,0.9492753623188406,High,1,127.82608695652172
9931-KGHOA,0.08491707094912533,Low,0,-79.61990297220993
3071-MVJCD,0.004656829565452823,Low,0,-98.88236090429132
7279-BUYWN,0.4698674521354933,Medium,1,12.768188512518392
3756-VNWDH,0.2523278554518077,Medium,0,-39.441314691566156
1395-OFUWC,0.09383208903924305,Low,0,-77.48029863058167
4223-BKEOR,0.08897991318051843,Low,0,-78.64482083667558
0040-HALCW,0.0024096385542168677,Low,0,-99.42168674698796
7124-UGSUR,0.2296257794642503,Medium,0,-44.88981292857993
7395-XWZOY,0.22877662861509945,Medium,0,-45.09360913237613
5440-VHLUL,0.14018389699541078,Low,0,-66.35586472110141
4706-DGAHW,0.4581214203894616,Medium,1,9.94914089347077
8166-ORCHU,0.2203633437867203,Medium,0,-47.11279749118713
3978-YNKDD,0.024346522604499807,Low,0,-94.15683457492004
7198-GLXTC,0.6754648526077098,High,1,62.11156462585035
6366-XIVKZ,0.23019240361578014,Medium,0,-44.753823132212766
5133-POWUA,0.42116633764714484,Medium,1,1.0799210353147544
8400-WZICQ,0.046336104658962124,Low,0,-88.87933488184909
5382-SOYZL,0.7750779309788743,High,1,86.01870343492982
1989-PRJHP,0.6131747326973767,High,1,47.16193584737039
4154-AQUGT,0.46764522991327107,Medium,1,12.234855179185061
0980-FEXWF,0.08647207618992284,Low,0,-79.24670171441852
5845-BZZIB,0.013488836944675698,Low,0,-96.76267913327783
4840-ORQXB,0.40990279823269515,Medium,0,-1.623328424153172
0295-PPHDO,0.9826086956521738,High,1,135.82608695652172
8775-ERLNB,0.7602631161640596,High,1,82.4631478793743
0376-YMCJC,0.5756530214424952,High,1,38.15672514619882
7410-YTJIK,0.5084639433635634,High,1,22.031346407255214
9927-DSWDF,0.43653411880216,Medium,1,4.7681885125183925
6681-ZSEXG,0.026482338595737488,Low,0,-93.644238737023
5702-KVQRD,0.026482338595737488,Low,0,-93.644238737023
8711-LOBKY,0.0,Low,0,-100.0
9692-TUSXH,0.6116402116402118,High,1,46.79365079365081
4012-YCFAI,0.013488836944675698,Low,0,-96.76267913327783
8455-HIRAQ,0.29053730431202424,Medium,0,-30.271046965114195
7853-WNZSY,0.2296257794642503,Medium,0,-44.88981292857993
0390-DCFDQ,0.65559953274239,High,1,57.34388785817359
6421-SZVEM,0.19565798378724267,Medium,0,-53.042083891061765
3094-JOJAI,0.46764522991327107,Medium,1,12.234855179185061
4873-ILOLJ,0.6754648526077098,High,1,62.11156462585035
8181-YHCMF,0.01774415609361187,Low,0,-95.74140253753315
3324-OIRTO,0.08939931029716326,Low,0,-78.54416552868082
9135-HSWOC,0.0,Low,0,-100.0
2272-WUSPA,0.09613093961395569,Low,0,-76.92857449265064
4627-MIHJH,0.057577135751175776,Low,0,-86.18148741971781
3896-RCYYE,0.09613093961395569,Low,0,-76.92857449265064
6729-GDNGC,0.423382084481844,Medium,1,1.6117002756425478
9945-PSVIP,0.024346522604499807,Low,0,-94.15683457492004
4137-JOPHL,0.07759276014852448,Low,0,-81.37773756435412
2720-FVBQP,0.3528494508883038,Medium,0,-15.316131786807091
7854-EKTJL,0.2483369759047993,Medium,0,-40.39912578284817
1133-KXCGE,0.0565746532580209,Low,0,-86.42208321807499
6048-QBXKL,0.4299282424090496,Medium,1,3.182778178171901
6338-AVWCY,0.5830466346745415,High,1,39.93119232188997
0013-MHZWF,0.3195851546323369,Medium,0,-23.29956288823915
9804-ICWBG,0.7375976268914274,High,1,77.02343045394258
2368-GAKKQ,0.053175727300471556,Low,0,-87.23782544788682
4829-AUOAX,0.3528494508883038,Medium,0,-15.316131786807091
7876-BEUTG,0.34566996370881664,Medium,0,-17.039208709884008
6349-JDHQP,0.004656829565452823,Low,0,-98.88236090429132
3063-QFSZL,0.5498816342115311,High,1,31.971592210767454
9142-XMYJH,0.061546074491469135,Low,0,-85.22894212204741
2609-IAICY,0.7895131161640595,High,1,89.48314787937429
8626-PTQGE,0.024346522604499807,Low,0,-94.15683457492004
0230-UBYPQ,0.024346522604499807,Low,0,-94.15683457492004
6814-ZPWFQ,0.024346522604499807,Low,0,-94.15683457492004
5921-NGYRH,0.1082267932116816,Low,0,-74.02556962919641
7803-XOCCZ,0.09613093961395569,Low,0,-76.92857449265064
1459-QNFQT,0.013488836944675698,Low,0,-96.76267913327783
3948-FVVRP,0.15098679827145783,Low,0,-63.76316841485012
0923-PNFUB,0.6484056671764314,High,1,55.61736012234354
4654-ULTTN,0.01774415609361187,Low,0,-95.74140253753315
5628-FCGYG,0.6859445024962266,High,1,64.62668059909439
0506-LVNGN,0.5787830687830688,High,1,38.90793650793651
4329-YPDDQ,0.36147752384627363,Medium,0,-13.24539427689433
9866-OCCKE,0.07400826444912187,Low,0,-82.23801653221075
0794-YVSGE,0.0,Low,0,-100.0
4342-HENTK,0.7595686717196152,High,1,82.29648121270762
5934-TSSAU,0.3372221581516934,Medium,0,-19.0666820435936
9986-BONCE,0.14018389699541078,Low,0,-66.35586472110141
5301-GAUUY,0.36147752384627363,Medium,0,-13.24539427689433
0725-CXOTM,0.0920846343018276,Low,0,-77.89968776756137
2843-CQMEG,0.2203633437867203,Medium,0,-47.11279749118713
5600-PDUJF,0.3000611138358337,Medium,0,-27.985332679399903
4500-HKANN,0.03814453846405079,Low,0,-90.84531076862781
1862-QRWPE,0.0024096385542168677,Low,0,-99.42168674698796
2155-AMQRX,0.186272400816754,Low,0,-55.29462380397904
0823-HSCDJ,0.2634696351390919,Medium,0,-36.767287566617945
4090-KPJIP,0.7602631161640596,High,1,82.4631478793743
2737-YNGYW,0.662375478927203,High,1,58.97011494252874
5619-XZZKR,0.0916981608718759,Low,0,-77.99244139074978
6047-YHPVI,0.6754648526077098,High,1,62.11156462585035
8375-DKEBR,0.7895131161640595,High,1,89.48314787937429
7729-XBTWX,0.0,Low,0,-100.0
4983-CLMLV,0.34566996370881664,Medium,0,-17.039208709884008
9227-LUNBG,0.5593873572820941,High,1,34.252965747702575
2758-RNWXS,0.2203633437867203,Medium,0,-47.11279749118713
7055-HNEOJ,0.29053730431202424,Medium,0,-30.271046965114195
7134-MJPDY,0.18712155166590488,Medium,0,-55.09082760018283
4560-WQAQW,0.02788739680529188,Low,0,-93.30702476672995
8532-UEFWH,0.0024096385542168677,Low,0,-99.42168674698796
8541-QVFKM,0.7440338872371355,High,1,78.56813293691252
7129-ACFOG,0.4299282424090496,Medium,1,3.182778178171901
2495-INZWQ,0.765494597645541,High,1,83.71870343492981
0263-FJTQO,0.024346522604499807,Low,0,-94.15683457492004
0181-RITDD,0.033256030745354395,Low,0,-92.01855262111495
8241-JUIQO,0.004656829565452823,Low,0,-98.88236090429132
0913-XWSCN,0.23019240361578014,Medium,0,-44.753823132212766
2159-TURXX,0.14887543716659346,Low,0,-64.26989508001756
6461-PPAXN,0.03814453846405079,Low,0,-90.84531076862781
1452-KIOVK,0.4581214203894616,Medium,1,9.94914089347077
1139-WUOAH,0.03277590452398828,Low,0,-92.13378291424281
3207-OYBWH,0.3528494508883038,Medium,0,-15.316131786807091
8347-GDTMP,0.0,Low,0,-100.0
9909-DFRJA,0.1673859164571239,Low,0,-59.827380050290266
6383-ZTSIW,0.17677149942761253,Low,0,-57.574840137372995
5438-QMDDL,0.28793990171462164,Medium,0,-30.89442358849081
8914-RBTSB,0.46764522991327107,Medium,1,12.234855179185061
6164-HXUGH,0.10489568062007601,Low,0,-74.82503665118176
6900-RBKER,0.10070236818538428,Low,0,-75.83143163550777
1492-QGCLU,0.09613093961395569,Low,0,-76.92857449265064
6664-FPDAC,0.29053730431202424,Medium,0,-30.271046965114195
1088-AUUZZ,0.01774415609361187,Low,0,-95.74140253753315
6651-AZVTJ,0.4729083878080079,Medium,1,13.498013073921882
8219-VYBVI,0.01774415609361187,Low,0,-95.74140253753315
0310-MVLET,0.3653355155482815,Medium,0,-12.319476268412444
7233-IOQNP,0.06853150934396302,Low,0,-83.55243775744887
7311-MQJCH,0.1037499872330033,Low,0,-75.1000030640792
9256-JTBNZ,0.1037499872330033,Low,0,-75.1000030640792
8713-IGZSO,0.1965071346363935,Medium,0,-52.83828768726556
6821-BUXUX,0.5725925925925927,High,1,37.42222222222222
9114-DPSIA,0.0024096385542168677,Low,0,-99.42168674698796
4501-UYKBC,0.0920846343018276,Low,0,-77.89968776756137
2798-NYLMZ,0.057577135751175776,Low,0,-86.18148741971781
6711-VTNRE,0.3986688488816148,Medium,0,-4.319476268412444
5966-EMAZU,0.10489568062007601,Low,0,-74.82503665118176
3627-FHKBK,0.36623942860817843,Medium,0,-12.102537134037178
7861-UVUFT,0.6754648526077098,High,1,62.11156462585035
9824-QCJPK,0.02788739680529188,Low,0,-93.30702476672995
7816-VGHTO,0.06853150934396302,Low,0,-83.55243775744887
3794-NFNCH,0.2101286099670808,Medium,0,-49.5691336079006
3877-JRJIP,0.6194179894179894,High,1,48.66031746031746
5228-EXCET,0.662375478927203,High,1,58.97011494252874
6248-BSHKG,0.004656829565452823,Low,0,-98.88236090429132
8915-NNTRC,0.046336104658962124,Low,0,-88.87933488184909
3470-OBUET,0.004656829565452823,Low,0,-98.88236090429132
3229-USWAR,0.08491707094912533,Low,0,-79.61990297220993
1927-QEWMY,0.0,Low,0,-100.0
6374-AFWOX,0.013488836944675698,Low,0,-96.76267913327783
7912-SYRQT,0.6329353411149723,High,1,51.90448186759335
2070-FNEXE,0.36147752384627363,Medium,0,-13.24539427689433
5803-NQJZO,0.010099006436201121,Low,0,-97.57623845531172
5651-YLPRD,0.42116633764714484,Medium,1,1.0799210353147544
1271-UODNO,0.041104771103111365,Low,0,-90.13485493525327
5014-WUQMG,0.11883683960177913,Low,0,-71.47915849557302
5889-JTMUL,0.46764522991327107,Medium,1,12.234855179185061
0788-DXBFY,0.01774415609361187,Low,0,-95.74140253753315
2669-QVCRG,0.27604631799005197,Medium,0,-33.74888368238753
6630-UJZMY,0.9492753623188406,High,1,127.82608695652172
5061-PBXFW,0.046336104658962124,Low,0,-88.87933488184909
2700-LUEVA,0.18591373826294597,Low,0,-55.38070281689297
3865-ZFZIB,0.025751580814054202,Low,0,-93.81962060462699
0471-ARVMX,0.28167030923813263,Medium,0,-32.399125782848174
8985-OOPOS,0.21951419293756946,Medium,0,-47.31659369498333
0719-SYFRB,0.21545164897439523,Medium,0,-48.29160424614515
0447-BEMNG,0.1134942327573,Low,0,-72.761384138248
5630-AHZIL,0.2203633437867203,Medium,0,-47.11279749118713
2190-BCXEC,0.29053730431202424,Medium,0,-30.271046965114195
1559-DTODC,0.32847454861272224,Medium,0,-21.166108332946663
3244-DCJWY,0.7303248996187002,High,1,75.27797590848803
3967-VQOGC,0.0024096385542168677,Low,0,-99.42168674698796
0265-PSUAE,0.3528494508883038,Medium,0,-15.316131786807091
1622-HSHSF,0.23318524681682112,Medium,0,-44.035540763962935
9867-XOBQA,0.0403041552538535,Low,0,-90.32700273907516
6773-LQTVT,0.2203633437867203,Medium,0,-47.11279749118713
4332-MUOEZ,0.11445302165705955,Low,0,-72.53127480230572
0023-XUOPT,0.5959789655016093,High,1,43.03495172038623
6543-CPZMK,0.4299282424090496,Medium,1,3.182778178171901
6418-HNFED,0.026482338595737488,Low,0,-93.644238737023
1036-GUDCL,0.053175727300471556,Low,0,-87.23782544788682
4818-QIUFN,0.5489220473865075,High,1,31.741291372761793
0778-NELLA,0.4989220473865075,Medium,1,19.741291372761793
7495-OOKFY,0.6096020077816389,High,1,46.304481867593324
4737-HOBAX,0.026482338595737488,Low,0,-93.644238737023
7919-ZODZZ,0.186272400816754,Low,0,-55.29462380397904
2988-PLAHS,0.394810857179607,Medium,0,-5.2453942768943165
9067-SQTNS,0.01774415609361187,Low,0,-95.74140253753315
6483-OATDN,0.21951419293756946,Medium,0,-47.31659369498333
5469-CTCWN,0.186272400816754,Low,0,-55.29462380397904
3524-WQDSG,0.4230103092783505,Medium,1,1.5224742268041211
6968-URWQU,0.0920846343018276,Low,0,-77.89968776756137
8601-QACRS,0.4299282424090496,Medium,1,3.182778178171901
8690-UPCZI,0.057577135751175776,Low,0,-86.18148741971781
5331-RGMTT,0.46764522991327107,Medium,1,12.234855179185061
1357-BIJKI,0.3528494508883038,Medium,0,-15.316131786807091
2088-IEBAU,0.03277590452398828,Low,0,-92.13378291424281
0679-IDSTG,0.7177005428433999,High,1,72.24813028241596
6519-ZHPXP,0.033256030745354395,Low,0,-92.01855262111495
2101-RANCD,0.34566996370881664,Medium,0,-17.039208709884008
4029-HPFVY,0.5959789655016093,High,1,43.03495172038623
1015-OWJKI,0.19565798378724267,Medium,0,-53.042083891061765
8314-HTWVE,0.033256030745354395,Low,0,-92.01855262111495
5357-TZHPP,0.7177005428433999,High,1,72.24813028241596
8727-XDPUD,0.05359512441711638,Low,0,-87.13717013989208
9073-ZZIAY,0.01774415609361187,Low,0,-95.74140253753315
5181-OABFK,0.010099006436201121,Low,0,-97.57623845531172
3812-LRZIR,0.02788739680529188,Low,0,-93.30702476672995
5204-HMGYF,0.03814453846405079,Low,0,-90.84531076862781
9950-MTGYX,0.024346522604499807,Low,0,-94.15683457492004
3675-EQOZA,0.14618702067531425,Low,0,-64.91511503792458
3646-ITDGM,0.0024096385542168677,Low,0,-99.42168674698796
3913-FCUUW,0.0024096385542168677,Low,0,-99.42168674698796
